trial_number,trial_time_secs,trial_time_frames,cum_trial_time_secs,cum_trial_time_frames,block_number,run_number,image_number,image_ref,image_age,image_age_ref,image_sex,image_sex_ref,location_name,location,target_emotion,target_emotion_ref,target_id,target_fullid,target_imagename,mask_secs,mask_frames,mask_id,mask_fullid,mask_imagename,soa_ref,soa_secs,soa_frames,jitter_ref,jitter_secs,jitter_frames,response_secs,response_frames,responsetime,responsekey,responsecorrect
1,1.75833333333333,211,1.825,219,1,1,89,14,young,2,male,1,right,2,fear,1,y_m_f,young_male_fear,089_y_m_f_a.jpg,0.1,12,y_m_n,young_male_neutral,089_y_m_n_a.jpg,4,0.0416666666666667,5,2,0.116666666666667,14,1.5,180,NaN,NaN,NaN
2,1.675,201,3.65833333333333,439,1,1,99,15,young,2,male,1,right,2,happy,2,y_m_h,young_male_happy,099_y_m_h_a.jpg,0.1,12,y_m_n,young_male_neutral,099_y_m_n_a.jpg,5,0.05,6,1,0.025,3,1.5,180,NaN,NaN,NaN
3,2.36666666666667,284,5.775,693,1,1,51,7,middle,1,male,1,left,1,fear,1,m_m_f,middle_male_fear,051_m_m_f_a.jpg,0.1,12,m_m_n,middle_male_neutral,051_m_m_n_a.jpg,7,0.1,12,8,0.666666666666667,80,1.5,180,NaN,NaN,NaN
4,2.00833333333333,241,7.9,948,1,1,66,11,young,2,male,1,right,2,happy,2,y_m_h,young_male_happy,066_y_m_h_a.jpg,0.1,12,y_m_n,young_male_neutral,066_y_m_n_a.jpg,1,0.0166666666666667,2,5,0.391666666666667,47,1.5,180,NaN,NaN,NaN
5,2.05833333333333,247,9.85,1182,1,1,122,20,middle,1,female,2,right,2,happy,2,m_f_h,middle_female_happy,122_m_f_h_a.jpg,0.1,12,m_f_n,middle_female_neutral,122_m_f_n_a.jpg,10,0.25,30,3,0.208333333333333,25,1.5,180,NaN,NaN,NaN
6,1.75,210,11.55,1386,1,1,82,13,middle,1,male,1,right,2,fear,1,m_m_f,middle_male_fear,082_m_m_f_a.jpg,0.1,12,m_m_n,middle_male_neutral,082_m_m_n_a.jpg,3,0.0333333333333333,4,2,0.116666666666667,14,1.5,180,NaN,NaN,NaN
7,2.06666666666667,248,13.9166666666667,1670,1,1,105,16,young,2,male,1,right,2,fear,1,y_m_f,young_male_fear,105_y_m_f_a.jpg,0.1,12,y_m_n,young_male_neutral,105_y_m_n_a.jpg,6,0.075,9,5,0.391666666666667,47,1.5,180,NaN,NaN,NaN
8,2.13333333333333,256,16.3333333333333,1960,1,1,35,5,middle,1,female,2,left,1,fear,1,m_f_f,middle_female_fear,035_m_f_f_a.jpg,0.1,12,m_f_n,middle_female_neutral,035_m_f_n_a.jpg,5,0.05,6,6,0.483333333333333,58,1.5,180,NaN,NaN,NaN
9,2.025,243,18.6166666666667,2234,1,1,82,13,middle,1,male,1,left,1,happy,2,m_m_h,middle_male_happy,082_m_m_h_a.jpg,0.1,12,m_m_n,middle_male_neutral,082_m_m_n_a.jpg,3,0.0333333333333333,4,5,0.391666666666667,47,1.5,180,NaN,NaN,NaN
10,2.23333333333333,268,20.8583333333333,2503,1,1,52,8,middle,1,female,2,left,1,fear,1,m_f_f,middle_female_fear,052_m_f_f_a.jpg,0.1,12,m_f_n,middle_female_neutral,052_m_f_n_a.jpg,8,0.15,18,6,0.483333333333333,58,1.5,180,NaN,NaN,NaN
11,2.34166666666667,281,23.05,2766,1,1,45,6,middle,1,male,1,right,2,happy,2,m_m_h,middle_male_happy,045_m_m_h_a.jpg,0.1,12,m_m_n,middle_male_neutral,045_m_m_n_a.jpg,6,0.075,9,8,0.666666666666667,80,1.5,180,NaN,NaN,NaN
12,1.75833333333333,211,25.25,3030,1,1,29,4,middle,1,female,2,left,1,fear,1,m_f_f,middle_female_fear,029_m_f_f_a.jpg,0.1,12,m_f_n,middle_female_neutral,029_m_f_n_a.jpg,4,0.0416666666666667,5,2,0.116666666666667,14,1.5,180,NaN,NaN,NaN
13,2.24166666666667,269,27,3240,1,1,68,10,middle,1,male,1,left,1,fear,1,m_m_f,middle_male_fear,068_m_m_f_a.jpg,0.1,12,m_m_n,middle_male_neutral,068_m_m_n_a.jpg,10,0.25,30,5,0.391666666666667,47,1.5,180,NaN,NaN,NaN
14,2.05,246,29.3083333333333,3517,1,1,114,18,young,2,male,1,left,1,happy,2,y_m_h,young_male_happy,114_y_m_h_a.jpg,0.1,12,y_m_n,young_male_neutral,114_y_m_n_a.jpg,8,0.15,18,4,0.3,36,1.5,180,NaN,NaN,NaN
15,2.23333333333333,268,31.2583333333333,3751,1,1,52,8,middle,1,female,2,right,2,fear,1,m_f_f,middle_female_fear,052_m_f_f_a.jpg,0.1,12,m_f_n,middle_female_neutral,052_m_f_n_a.jpg,8,0.15,18,6,0.483333333333333,58,1.5,180,NaN,NaN,NaN
16,1.91666666666667,230,33.325,3999,1,1,57,9,young,2,male,1,left,1,fear,1,y_m_f,young_male_fear,057_y_m_f_a.jpg,0.1,12,y_m_n,young_male_neutral,057_y_m_n_a.jpg,9,0.2,24,2,0.116666666666667,14,1.5,180,NaN,NaN,NaN
17,1.96666666666667,236,35.1416666666667,4217,1,1,123,20,young,2,male,1,left,1,happy,2,y_m_h,young_male_happy,123_y_m_h_a.jpg,0.1,12,y_m_n,young_male_neutral,123_y_m_n_a.jpg,10,0.25,30,2,0.116666666666667,14,1.5,180,NaN,NaN,NaN
18,2.41666666666667,290,37.5583333333333,4507,1,1,114,18,young,2,male,1,right,2,fear,1,y_m_f,young_male_fear,114_y_m_f_a.jpg,0.1,12,y_m_n,young_male_neutral,114_y_m_n_a.jpg,8,0.15,18,8,0.666666666666667,80,1.5,180,NaN,NaN,NaN
19,2.41666666666667,290,39.5666666666667,4748,1,1,49,8,young,2,male,1,left,1,fear,1,y_m_f,young_male_fear,049_y_m_f_a.jpg,0.1,12,y_m_n,young_male_neutral,049_y_m_n_a.jpg,8,0.15,18,8,0.666666666666667,80,1.5,180,NaN,NaN,NaN
20,1.84166666666667,221,41.5333333333333,4984,1,1,16,3,young,2,male,1,right,2,fear,1,y_m_f,young_male_fear,016_y_m_f_a.jpg,0.1,12,y_m_n,young_male_neutral,016_y_m_n_a.jpg,3,0.0333333333333333,4,3,0.208333333333333,25,1.5,180,NaN,NaN,NaN
21,2.125,255,43.725,5247,1,1,87,14,middle,1,male,1,left,1,happy,2,m_m_h,middle_male_happy,087_m_m_h_a.jpg,0.1,12,m_m_n,middle_male_neutral,087_m_m_n_a.jpg,4,0.0416666666666667,5,6,0.483333333333333,58,1.5,180,NaN,NaN,NaN
22,2,240,45.8333333333333,5500,1,1,109,17,young,2,male,1,left,1,fear,1,y_m_f,young_male_fear,109_y_m_f_a.jpg,0.1,12,y_m_n,young_male_neutral,109_y_m_n_a.jpg,7,0.1,12,4,0.3,36,1.5,180,NaN,NaN,NaN
23,2.09166666666667,251,48.0416666666667,5765,1,1,48,7,young,2,female,2,left,1,happy,2,y_f_h,young_female_happy,048_y_f_h_a.jpg,0.1,12,y_f_n,young_female_neutral,048_y_f_n_a.jpg,7,0.1,12,5,0.391666666666667,47,1.5,180,NaN,NaN,NaN
24,1.93333333333333,232,50.35,6042,1,1,90,13,young,2,female,2,right,2,happy,2,y_f_h,young_female_happy,090_y_f_h_a.jpg,0.1,12,y_f_n,young_female_neutral,090_y_f_n_a.jpg,3,0.0333333333333333,4,4,0.3,36,1.5,180,NaN,NaN,NaN
25,2.15833333333333,259,52.575,6309,1,1,43,6,middle,1,female,2,left,1,fear,1,m_f_f,middle_female_fear,043_m_f_f_a.jpg,0.1,12,m_f_n,middle_female_neutral,043_m_f_n_a.jpg,6,0.075,9,6,0.483333333333333,58,1.5,180,NaN,NaN,NaN
26,2.29166666666667,275,54.275,6513,1,1,80,12,middle,1,female,2,left,1,fear,1,m_f_f,middle_female_fear,080_m_f_f_a.jpg,0.1,12,m_f_n,middle_female_neutral,080_m_f_n_a.jpg,2,0.025,3,8,0.666666666666667,80,1.5,180,NaN,NaN,NaN
27,2.28333333333333,274,56.3666666666667,6764,1,1,8,1,young,2,male,1,left,1,happy,2,y_m_h,young_male_happy,008_y_m_h_a.jpg,0.1,12,y_m_n,young_male_neutral,008_y_m_n_a.jpg,1,0.0166666666666667,2,8,0.666666666666667,80,1.5,180,NaN,NaN,NaN
28,2.28333333333333,274,58.2333333333333,6988,1,1,119,19,young,2,male,1,right,2,happy,2,y_m_h,young_male_happy,119_y_m_h_a.jpg,0.1,12,y_m_n,young_male_neutral,119_y_m_n_a.jpg,9,0.2,24,6,0.483333333333333,58,1.5,180,NaN,NaN,NaN
29,1.66666666666667,200,60.2416666666667,7229,1,1,93,14,middle,1,female,2,right,2,happy,2,m_f_h,middle_female_happy,093_m_f_h_a.jpg,0.1,12,m_f_n,middle_female_neutral,093_m_f_n_a.jpg,4,0.0416666666666667,5,1,0.025,3,1.5,180,NaN,NaN,NaN
30,1.875,225,62.575,7509,1,1,64,10,middle,1,female,2,right,2,fear,1,m_f_f,middle_female_fear,064_m_f_f_a.jpg,0.1,12,m_f_n,middle_female_neutral,064_m_f_n_a.jpg,10,0.25,30,1,0.025,3,1.5,180,NaN,NaN,NaN
31,2.15,258,64.2166666666667,7706,1,1,69,10,young,2,female,2,right,2,happy,2,y_f_h,young_female_happy,069_y_f_h_a.jpg,0.1,12,y_f_n,young_female_neutral,069_y_f_n_a.jpg,10,0.25,30,4,0.3,36,1.5,180,NaN,NaN,NaN
32,1.86666666666667,224,65.8666666666667,7904,1,1,56,8,middle,1,male,1,right,2,fear,1,m_m_f,middle_male_fear,056_m_m_f_a.jpg,0.1,12,m_m_n,middle_male_neutral,056_m_m_n_a.jpg,8,0.15,18,2,0.116666666666667,14,1.5,180,NaN,NaN,NaN
33,2.03333333333333,244,68.075,8169,1,1,32,4,middle,1,male,1,left,1,happy,2,m_m_h,middle_male_happy,032_m_m_h_a.jpg,0.1,12,m_m_n,middle_male_neutral,032_m_m_n_a.jpg,4,0.0416666666666667,5,5,0.391666666666667,47,1.5,180,NaN,NaN,NaN
34,2.04166666666667,245,70.0166666666667,8402,1,1,38,5,middle,1,male,1,left,1,happy,2,m_m_h,middle_male_happy,038_m_m_h_a.jpg,0.1,12,m_m_n,middle_male_neutral,038_m_m_n_a.jpg,5,0.05,6,5,0.391666666666667,47,1.5,180,NaN,NaN,NaN
35,1.65833333333333,199,72.3333333333333,8680,1,1,82,13,middle,1,male,1,left,1,happy,2,m_m_h,middle_male_happy,082_m_m_h_a.jpg,0.1,12,m_m_n,middle_male_neutral,082_m_m_n_a.jpg,3,0.0333333333333333,4,1,0.025,3,1.5,180,NaN,NaN,NaN
36,2.025,243,74.3083333333333,8917,1,1,81,13,young,2,male,1,right,2,happy,2,y_m_h,young_male_happy,081_y_m_h_a.jpg,0.1,12,y_m_n,young_male_neutral,081_y_m_n_a.jpg,3,0.0333333333333333,4,5,0.391666666666667,47,1.5,180,NaN,NaN,NaN
37,1.925,231,76.5833333333333,9190,1,1,13,2,young,2,male,1,left,1,happy,2,y_m_h,young_male_happy,013_y_m_h_a.jpg,0.1,12,y_m_n,young_male_neutral,013_y_m_n_a.jpg,2,0.025,3,4,0.3,36,1.5,180,NaN,NaN,NaN
38,1.95,234,78.6333333333333,9436,1,1,92,15,middle,1,male,1,right,2,fear,1,m_m_f,middle_male_fear,092_m_m_f_a.jpg,0.1,12,m_m_n,middle_male_neutral,092_m_m_n_a.jpg,5,0.05,6,4,0.3,36,1.5,180,NaN,NaN,NaN
39,1.75833333333333,211,80.6416666666667,9677,1,1,28,4,young,2,female,2,left,1,happy,2,y_f_h,young_female_happy,028_y_f_h_a.jpg,0.1,12,y_f_n,young_female_neutral,028_y_f_n_a.jpg,4,0.0416666666666667,5,2,0.116666666666667,14,1.5,180,NaN,NaN,NaN
40,1.825,219,83.1583333333333,9979,1,1,63,9,young,2,female,2,right,2,fear,1,y_f_f,young_female_fear,063_y_f_f_a.jpg,0.1,12,y_f_n,young_female_neutral,063_y_f_n_a.jpg,9,0.2,24,1,0.025,3,1.5,180,NaN,NaN,NaN
41,2.30833333333333,277,85.2583333333333,10231,2,1,98,14,young,2,female,2,right,2,fear,1,y_f_f,young_female_fear,098_y_f_f_a.jpg,0.1,12,y_f_n,young_female_neutral,098_y_f_n_a.jpg,4,0.0416666666666667,5,8,0.666666666666667,80,1.5,180,NaN,NaN,NaN
42,2.10833333333333,253,87.55,10506,2,1,14,2,middle,1,male,1,right,2,fear,1,m_m_f,middle_male_fear,014_m_m_f_a.jpg,0.1,12,m_m_n,middle_male_neutral,014_m_m_n_a.jpg,2,0.025,3,6,0.483333333333333,58,1.5,180,NaN,NaN,NaN
43,2.15,258,89.85,10782,2,1,69,10,young,2,female,2,left,1,happy,2,y_f_h,young_female_happy,069_y_f_h_a.jpg,0.1,12,y_f_n,young_female_neutral,069_y_f_n_a.jpg,10,0.25,30,4,0.3,36,1.5,180,NaN,NaN,NaN
44,2.34166666666667,281,91.8833333333333,11026,2,1,40,6,young,2,female,2,right,2,happy,2,y_f_h,young_female_happy,040_y_f_h_a.jpg,0.1,12,y_f_n,young_female_neutral,040_y_f_n_a.jpg,6,0.075,9,8,0.666666666666667,80,1.5,180,NaN,NaN,NaN
45,1.7,204,93.8333333333333,11260,2,1,106,16,young,2,female,2,right,2,happy,2,y_f_h,young_female_happy,106_y_f_h_a.jpg,0.1,12,y_f_n,young_female_neutral,106_y_f_n_a.jpg,6,0.075,9,1,0.025,3,1.5,180,NaN,NaN,NaN
46,1.91666666666667,230,96.175,11541,2,1,63,9,young,2,female,2,left,1,happy,2,y_f_h,young_female_happy,063_y_f_h_a.jpg,0.1,12,y_f_n,young_female_neutral,063_y_f_n_a.jpg,9,0.2,24,2,0.116666666666667,14,1.5,180,NaN,NaN,NaN
47,2.18333333333333,262,98.175,11781,2,1,115,17,young,2,female,2,left,1,fear,1,y_f_f,young_female_fear,115_y_f_f_a.jpg,0.1,12,y_f_n,young_female_neutral,115_y_f_n_a.jpg,7,0.1,12,6,0.483333333333333,58,1.5,180,NaN,NaN,NaN
48,2.05833333333333,247,100.5,12060,2,1,123,20,young,2,male,1,right,2,fear,1,y_m_f,young_male_fear,123_y_m_f_a.jpg,0.1,12,y_m_n,young_male_neutral,123_y_m_n_a.jpg,10,0.25,30,3,0.208333333333333,25,1.5,180,NaN,NaN,NaN
49,1.825,219,102.691666666667,12323,2,1,116,19,middle,1,male,1,left,1,happy,2,m_m_h,middle_male_happy,116_m_m_h_a.jpg,0.1,12,m_m_n,middle_male_neutral,116_m_m_n_a.jpg,9,0.2,24,1,0.025,3,1.5,180,NaN,NaN,NaN
50,2.19166666666667,263,105.025,12603,2,1,61,9,middle,1,female,2,left,1,happy,2,m_f_h,middle_female_happy,061_m_f_h_a.jpg,0.1,12,m_f_n,middle_female_neutral,061_m_f_n_a.jpg,9,0.2,24,5,0.391666666666667,47,1.5,180,NaN,NaN,NaN
51,1.825,219,106.85,12822,2,1,7,1,middle,1,male,1,right,2,happy,2,m_m_h,middle_male_happy,007_m_m_h_a.jpg,0.1,12,m_m_n,middle_male_neutral,007_m_m_n_a.jpg,1,0.0166666666666667,2,3,0.208333333333333,25,1.5,180,NaN,NaN,NaN
52,1.7,204,108.683333333333,13042,2,1,45,6,middle,1,male,1,right,2,fear,1,m_m_f,middle_male_fear,045_m_m_f_a.jpg,0.1,12,m_m_n,middle_male_neutral,045_m_m_n_a.jpg,6,0.075,9,1,0.025,3,1.5,180,NaN,NaN,NaN
53,1.775,213,110.708333333333,13285,2,1,54,8,young,2,female,2,left,1,happy,2,y_f_h,young_female_happy,054_y_f_h_a.jpg,0.1,12,y_f_n,young_female_neutral,054_y_f_n_a.jpg,8,0.15,18,1,0.025,3,1.5,180,NaN,NaN,NaN
54,1.73333333333333,208,112.833333333333,13540,2,1,6,1,middle,1,female,2,left,1,happy,2,m_f_h,middle_female_happy,006_m_f_h_a.jpg,0.1,12,m_f_n,middle_female_neutral,006_m_f_n_a.jpg,1,0.0166666666666667,2,2,0.116666666666667,14,1.5,180,NaN,NaN,NaN
55,1.7,204,114.508333333333,13741,2,1,103,16,middle,1,female,2,left,1,fear,1,m_f_f,middle_female_fear,103_m_f_f_a.jpg,0.1,12,m_f_n,middle_female_neutral,103_m_f_n_a.jpg,6,0.075,9,1,0.025,3,1.5,180,NaN,NaN,NaN
56,2.19166666666667,263,116.85,14022,2,1,73,11,middle,1,female,2,right,2,happy,2,m_f_h,middle_female_happy,073_m_f_h_a.jpg,0.1,12,m_f_n,middle_female_neutral,073_m_f_n_a.jpg,1,0.0166666666666667,2,7,0.575,69,1.5,180,NaN,NaN,NaN
57,2.00833333333333,241,119.216666666667,14306,2,1,66,11,young,2,male,1,right,2,fear,1,y_m_f,young_male_fear,066_y_m_f_a.jpg,0.1,12,y_m_n,young_male_neutral,066_y_m_n_a.jpg,1,0.0166666666666667,2,5,0.391666666666667,47,1.5,180,NaN,NaN,NaN
58,2.01666666666667,242,121.083333333333,14530,2,1,13,2,young,2,male,1,left,1,happy,2,y_m_h,young_male_happy,013_y_m_h_a.jpg,0.1,12,y_m_n,young_male_neutral,013_y_m_n_a.jpg,2,0.025,3,5,0.391666666666667,47,1.5,180,NaN,NaN,NaN
59,1.95,234,123.366666666667,14804,2,1,38,5,middle,1,male,1,right,2,fear,1,m_m_f,middle_male_fear,038_m_m_f_a.jpg,0.1,12,m_m_n,middle_male_neutral,038_m_m_n_a.jpg,5,0.05,6,4,0.3,36,1.5,180,NaN,NaN,NaN
60,1.975,237,125.608333333333,15073,2,1,40,6,young,2,female,2,right,2,happy,2,y_f_h,young_female_happy,040_y_f_h_a.jpg,0.1,12,y_f_n,young_female_neutral,040_y_f_n_a.jpg,6,0.075,9,4,0.3,36,1.5,180,NaN,NaN,NaN
61,2.28333333333333,274,127.433333333333,15292,2,1,119,19,young,2,male,1,left,1,fear,1,y_m_f,young_male_fear,119_y_m_f_a.jpg,0.1,12,y_m_n,young_male_neutral,119_y_m_n_a.jpg,9,0.2,24,6,0.483333333333333,58,1.5,180,NaN,NaN,NaN
62,1.775,213,129.175,15501,2,1,54,8,young,2,female,2,right,2,happy,2,y_f_h,young_female_happy,054_y_f_h_a.jpg,0.1,12,y_f_n,young_female_neutral,054_y_f_n_a.jpg,8,0.15,18,1,0.025,3,1.5,180,NaN,NaN,NaN
63,2.06666666666667,248,131.2,15744,2,1,103,16,middle,1,female,2,right,2,happy,2,m_f_h,middle_female_happy,103_m_f_h_a.jpg,0.1,12,m_f_n,middle_female_neutral,103_m_f_n_a.jpg,6,0.075,9,5,0.391666666666667,47,1.5,180,NaN,NaN,NaN
64,1.85,222,133.508333333333,16021,2,1,25,4,young,2,male,1,right,2,fear,1,y_m_f,young_male_fear,025_y_m_f_a.jpg,0.1,12,y_m_n,young_male_neutral,025_y_m_n_a.jpg,4,0.0416666666666667,5,3,0.208333333333333,25,1.5,180,NaN,NaN,NaN
65,1.81666666666667,218,135.55,16266,2,1,104,17,middle,1,male,1,left,1,fear,1,m_m_f,middle_male_fear,104_m_m_f_a.jpg,0.1,12,m_m_n,middle_male_neutral,104_m_m_n_a.jpg,7,0.1,12,2,0.116666666666667,14,1.5,180,NaN,NaN,NaN
66,1.95833333333333,235,137.891666666667,16547,2,1,108,18,middle,1,male,1,left,1,happy,2,m_m_h,middle_male_happy,108_m_m_h_a.jpg,0.1,12,m_m_n,middle_male_neutral,108_m_m_n_a.jpg,8,0.15,18,3,0.208333333333333,25,1.5,180,NaN,NaN,NaN
67,1.81666666666667,218,140.258333333333,16831,2,1,41,7,young,2,male,1,right,2,happy,2,y_m_h,young_male_happy,041_y_m_h_a.jpg,0.1,12,y_m_n,young_male_neutral,041_y_m_n_a.jpg,7,0.1,12,2,0.116666666666667,14,1.5,180,NaN,NaN,NaN
68,2.1,252,142.4,17088,2,1,61,9,middle,1,female,2,left,1,happy,2,m_f_h,middle_female_happy,061_m_f_h_a.jpg,0.1,12,m_f_n,middle_female_neutral,061_m_f_n_a.jpg,9,0.2,24,4,0.3,36,1.5,180,NaN,NaN,NaN
69,2.375,285,144.866666666667,17384,2,1,132,19,young,2,female,2,right,2,happy,2,y_f_h,young_female_happy,132_y_f_h_a.jpg,0.1,12,y_f_n,young_female_neutral,132_y_f_n_a.jpg,9,0.2,24,7,0.575,69,1.5,180,NaN,NaN,NaN
70,1.83333333333333,220,146.925,17631,2,1,77,12,middle,1,male,1,right,2,happy,2,m_m_h,middle_male_happy,077_m_m_h_a.jpg,0.1,12,m_m_n,middle_male_neutral,077_m_m_n_a.jpg,2,0.025,3,3,0.208333333333333,25,1.5,180,NaN,NaN,NaN
71,1.86666666666667,224,148.75,17850,2,1,125,18,young,2,female,2,right,2,happy,2,y_f_h,young_female_happy,125_y_f_h_a.jpg,0.1,12,y_f_n,young_female_neutral,125_y_f_n_a.jpg,8,0.15,18,2,0.116666666666667,14,1.5,180,NaN,NaN,NaN
72,2.05833333333333,247,150.675,18081,2,1,62,10,young,2,male,1,left,1,fear,1,y_m_f,young_male_fear,062_y_m_f_a.jpg,0.1,12,y_m_n,young_male_neutral,062_y_m_n_a.jpg,10,0.25,30,3,0.208333333333333,25,1.5,180,NaN,NaN,NaN
73,2.31666666666667,278,152.333333333333,18280,2,1,34,5,young,2,female,2,left,1,fear,1,y_f_f,young_female_fear,034_y_f_f_a.jpg,0.1,12,y_f_n,young_female_neutral,034_y_f_n_a.jpg,5,0.05,6,8,0.666666666666667,80,1.5,180,NaN,NaN,NaN
74,2.33333333333333,280,154.183333333333,18502,2,1,134,20,young,2,female,2,left,1,happy,2,y_f_h,young_female_happy,134_y_f_h_a.jpg,0.1,12,y_f_n,young_female_neutral,134_y_f_n_a.jpg,10,0.25,30,6,0.483333333333333,58,1.5,180,NaN,NaN,NaN
75,2.00833333333333,241,155.858333333333,18703,2,1,61,9,middle,1,female,2,left,1,fear,1,m_f_f,middle_female_fear,061_m_f_f_a.jpg,0.1,12,m_f_n,middle_female_neutral,061_m_f_n_a.jpg,9,0.2,24,3,0.208333333333333,25,1.5,180,NaN,NaN,NaN
76,2.11666666666667,254,158.016666666667,18962,2,1,84,13,middle,1,female,2,right,2,happy,2,m_f_h,middle_female_happy,084_m_f_h_a.jpg,0.1,12,m_f_n,middle_female_neutral,084_m_f_n_a.jpg,3,0.0333333333333333,4,6,0.483333333333333,58,1.5,180,NaN,NaN,NaN
77,2.51666666666667,302,160.2,19224,2,1,62,10,young,2,male,1,right,2,fear,1,y_m_f,young_male_fear,062_y_m_f_a.jpg,0.1,12,y_m_n,young_male_neutral,062_y_m_n_a.jpg,10,0.25,30,8,0.666666666666667,80,1.5,180,NaN,NaN,NaN
78,2.05,246,162.158333333333,19459,2,1,54,8,young,2,female,2,left,1,fear,1,y_f_f,young_female_fear,054_y_f_f_a.jpg,0.1,12,y_f_n,young_female_neutral,054_y_f_n_a.jpg,8,0.15,18,4,0.3,36,1.5,180,NaN,NaN,NaN
79,1.65,198,163.983333333333,19678,2,1,20,2,young,2,female,2,right,2,happy,2,y_f_h,young_female_happy,020_y_f_h_a.jpg,0.1,12,y_f_n,young_female_neutral,020_y_f_n_a.jpg,2,0.025,3,1,0.025,3,1.5,180,NaN,NaN,NaN
80,2.05,246,166.041666666667,19925,2,1,108,18,middle,1,male,1,right,2,fear,1,m_m_f,middle_male_fear,108_m_m_f_a.jpg,0.1,12,m_m_n,middle_male_neutral,108_m_m_n_a.jpg,8,0.15,18,4,0.3,36,1.5,180,NaN,NaN,NaN
81,2.05833333333333,247,167.958333333333,20155,3,2,126,20,middle,1,male,1,left,1,happy,2,m_m_h,middle_male_happy,126_m_m_h_a.jpg,0.1,12,m_m_n,middle_male_neutral,126_m_m_n_a.jpg,10,0.25,30,3,0.208333333333333,25,1.5,180,NaN,NaN,NaN
82,1.825,219,170.066666666667,20408,3,2,117,19,middle,1,female,2,left,1,happy,2,m_f_h,middle_female_happy,117_m_f_h_a.jpg,0.1,12,m_f_n,middle_female_neutral,117_m_f_n_a.jpg,9,0.2,24,1,0.025,3,1.5,180,NaN,NaN,NaN
83,2.41666666666667,290,171.908333333333,20629,3,2,108,18,middle,1,male,1,right,2,fear,1,m_m_f,middle_male_fear,108_m_m_f_a.jpg,0.1,12,m_m_n,middle_male_neutral,108_m_m_n_a.jpg,8,0.15,18,8,0.666666666666667,80,1.5,180,NaN,NaN,NaN
84,1.83333333333333,220,173.666666666667,20840,3,2,13,2,young,2,male,1,left,1,fear,1,y_m_f,young_male_fear,013_y_m_f_a.jpg,0.1,12,y_m_n,young_male_neutral,013_y_m_n_a.jpg,2,0.025,3,3,0.208333333333333,25,1.5,180,NaN,NaN,NaN
85,2.20833333333333,265,175.8,21096,3,2,84,13,middle,1,female,2,right,2,happy,2,m_f_h,middle_female_happy,084_m_f_h_a.jpg,0.1,12,m_f_n,middle_female_neutral,084_m_f_n_a.jpg,3,0.0333333333333333,4,7,0.575,69,1.5,180,NaN,NaN,NaN
86,2.18333333333333,262,178.141666666667,21377,3,2,104,17,middle,1,male,1,right,2,happy,2,m_m_h,middle_male_happy,104_m_m_h_a.jpg,0.1,12,m_m_n,middle_male_neutral,104_m_m_n_a.jpg,7,0.1,12,6,0.483333333333333,58,1.5,180,NaN,NaN,NaN
87,1.75,210,180.325,21639,3,2,84,13,middle,1,female,2,left,1,fear,1,m_f_f,middle_female_fear,084_m_f_f_a.jpg,0.1,12,m_f_n,middle_female_neutral,084_m_f_n_a.jpg,3,0.0333333333333333,4,2,0.116666666666667,14,1.5,180,NaN,NaN,NaN
88,2.19166666666667,263,182.558333333333,21907,3,2,10,1,young,2,female,2,right,2,happy,2,y_f_h,young_female_happy,010_y_f_h_a.jpg,0.1,12,y_f_n,young_female_neutral,010_y_f_n_a.jpg,1,0.0166666666666667,2,7,0.575,69,1.5,180,NaN,NaN,NaN
89,2.00833333333333,241,184.75,22170,3,2,66,11,young,2,male,1,right,2,happy,2,y_m_h,young_male_happy,066_y_m_h_a.jpg,0.1,12,y_m_n,young_male_neutral,066_y_m_n_a.jpg,1,0.0166666666666667,2,5,0.391666666666667,47,1.5,180,NaN,NaN,NaN
90,1.65,198,186.625,22395,3,2,72,12,young,2,male,1,left,1,fear,1,y_m_f,young_male_fear,072_y_m_f_a.jpg,0.1,12,y_m_n,young_male_neutral,072_y_m_n_a.jpg,2,0.025,3,1,0.025,3,1.5,180,NaN,NaN,NaN
91,2.10833333333333,253,188.358333333333,22603,3,2,20,2,young,2,female,2,right,2,happy,2,y_f_h,young_female_happy,020_y_f_h_a.jpg,0.1,12,y_f_n,young_female_neutral,020_y_f_n_a.jpg,2,0.025,3,6,0.483333333333333,58,1.5,180,NaN,NaN,NaN
92,2.1,252,190.65,22878,3,2,7,1,middle,1,male,1,right,2,happy,2,m_m_h,middle_male_happy,007_m_m_h_a.jpg,0.1,12,m_m_n,middle_male_neutral,007_m_m_n_a.jpg,1,0.0166666666666667,2,6,0.483333333333333,58,1.5,180,NaN,NaN,NaN
93,2.05833333333333,247,192.4,23088,3,2,134,20,young,2,female,2,left,1,fear,1,y_f_f,young_female_fear,134_y_f_f_a.jpg,0.1,12,y_f_n,young_female_neutral,134_y_f_n_a.jpg,10,0.25,30,3,0.208333333333333,25,1.5,180,NaN,NaN,NaN
94,1.93333333333333,232,194.25,23310,3,2,90,13,young,2,female,2,right,2,fear,1,y_f_f,young_female_fear,090_y_f_f_a.jpg,0.1,12,y_f_n,young_female_neutral,090_y_f_n_a.jpg,3,0.0333333333333333,4,4,0.3,36,1.5,180,NaN,NaN,NaN
95,1.875,225,196.383333333333,23566,3,2,123,20,young,2,male,1,right,2,fear,1,y_m_f,young_male_fear,123_y_m_f_a.jpg,0.1,12,y_m_n,young_male_neutral,123_y_m_n_a.jpg,10,0.25,30,1,0.025,3,1.5,180,NaN,NaN,NaN
96,1.91666666666667,230,198.266666666667,23792,3,2,6,1,middle,1,female,2,left,1,fear,1,m_f_f,middle_female_fear,006_m_f_f_a.jpg,0.1,12,m_f_n,middle_female_neutral,006_m_f_n_a.jpg,1,0.0166666666666667,2,4,0.3,36,1.5,180,NaN,NaN,NaN
97,1.66666666666667,200,199.991666666667,23999,3,2,25,4,young,2,male,1,left,1,happy,2,y_m_h,young_male_happy,025_y_m_h_a.jpg,0.1,12,y_m_n,young_male_neutral,025_y_m_n_a.jpg,4,0.0416666666666667,5,1,0.025,3,1.5,180,NaN,NaN,NaN
98,2.425,291,202.316666666667,24278,3,2,122,20,middle,1,female,2,right,2,fear,1,m_f_f,middle_female_fear,122_m_f_f_a.jpg,0.1,12,m_f_n,middle_female_neutral,122_m_f_n_a.jpg,10,0.25,30,7,0.575,69,1.5,180,NaN,NaN,NaN
99,1.74166666666667,209,204.6,24552,3,2,14,2,middle,1,male,1,right,2,happy,2,m_m_h,middle_male_happy,014_m_m_h_a.jpg,0.1,12,m_m_n,middle_male_neutral,014_m_m_n_a.jpg,2,0.025,3,2,0.116666666666667,14,1.5,180,NaN,NaN,NaN
100,1.88333333333333,226,206.933333333333,24832,3,2,103,16,middle,1,female,2,right,2,fear,1,m_f_f,middle_female_fear,103_m_f_f_a.jpg,0.1,12,m_f_n,middle_female_neutral,103_m_f_n_a.jpg,6,0.075,9,3,0.208333333333333,25,1.5,180,NaN,NaN,NaN
101,2.09166666666667,251,208.941666666667,25073,3,2,115,17,young,2,female,2,left,1,happy,2,y_f_h,young_female_happy,115_y_f_h_a.jpg,0.1,12,y_f_n,young_female_neutral,115_y_f_n_a.jpg,7,0.1,12,5,0.391666666666667,47,1.5,180,NaN,NaN,NaN
102,2.20833333333333,265,210.866666666667,25304,3,2,26,3,middle,1,male,1,left,1,fear,1,m_m_f,middle_male_fear,026_m_m_f_a.jpg,0.1,12,m_m_n,middle_male_neutral,026_m_m_n_a.jpg,3,0.0333333333333333,4,7,0.575,69,1.5,180,NaN,NaN,NaN
103,1.925,231,212.8,25536,3,2,11,2,middle,1,female,2,right,2,fear,1,m_f_f,middle_female_fear,011_m_f_f_a.jpg,0.1,12,m_f_n,middle_female_neutral,011_m_f_n_a.jpg,2,0.025,3,4,0.3,36,1.5,180,NaN,NaN,NaN
104,2.06666666666667,248,214.833333333333,25780,3,2,94,16,middle,1,male,1,left,1,fear,1,m_m_f,middle_male_fear,094_m_m_f_a.jpg,0.1,12,m_m_n,middle_male_neutral,094_m_m_n_a.jpg,6,0.075,9,5,0.391666666666667,47,1.5,180,NaN,NaN,NaN
105,2.29166666666667,275,217.058333333333,26047,3,2,13,2,young,2,male,1,left,1,fear,1,y_m_f,young_male_fear,013_y_m_f_a.jpg,0.1,12,y_m_n,young_male_neutral,013_y_m_n_a.jpg,2,0.025,3,8,0.666666666666667,80,1.5,180,NaN,NaN,NaN
106,2.11666666666667,254,219.216666666667,26306,3,2,26,3,middle,1,male,1,left,1,fear,1,m_m_f,middle_male_fear,026_m_m_f_a.jpg,0.1,12,m_m_n,middle_male_neutral,026_m_m_n_a.jpg,3,0.0333333333333333,4,6,0.483333333333333,58,1.5,180,NaN,NaN,NaN
107,1.95833333333333,235,221.4,26568,3,2,125,18,young,2,female,2,left,1,happy,2,y_f_h,young_female_happy,125_y_f_h_a.jpg,0.1,12,y_f_n,young_female_neutral,125_y_f_n_a.jpg,8,0.15,18,3,0.208333333333333,25,1.5,180,NaN,NaN,NaN
108,2.18333333333333,262,223.633333333333,26836,3,2,50,7,middle,1,female,2,left,1,fear,1,m_f_f,middle_female_fear,050_m_f_f_a.jpg,0.1,12,m_f_n,middle_female_neutral,050_m_f_n_a.jpg,7,0.1,12,6,0.483333333333333,58,1.5,180,NaN,NaN,NaN
109,2.31666666666667,278,225.641666666667,27077,3,2,92,15,middle,1,male,1,right,2,fear,1,m_m_f,middle_male_fear,092_m_m_f_a.jpg,0.1,12,m_m_n,middle_male_neutral,092_m_m_n_a.jpg,5,0.05,6,8,0.666666666666667,80,1.5,180,NaN,NaN,NaN
110,1.65,198,227.791666666667,27335,3,2,11,2,middle,1,female,2,left,1,happy,2,m_f_h,middle_female_happy,011_m_f_h_a.jpg,0.1,12,m_f_n,middle_female_neutral,011_m_f_n_a.jpg,2,0.025,3,1,0.025,3,1.5,180,NaN,NaN,NaN
111,2.09166666666667,251,229.8,27576,3,2,41,7,young,2,male,1,right,2,fear,1,y_m_f,young_male_fear,041_y_m_f_a.jpg,0.1,12,y_m_n,young_male_neutral,041_y_m_n_a.jpg,7,0.1,12,5,0.391666666666667,47,1.5,180,NaN,NaN,NaN
112,2.51666666666667,302,231.541666666667,27785,3,2,126,20,middle,1,male,1,left,1,fear,1,m_m_f,middle_male_fear,126_m_m_f_a.jpg,0.1,12,m_m_n,middle_male_neutral,126_m_m_n_a.jpg,10,0.25,30,8,0.666666666666667,80,1.5,180,NaN,NaN,NaN
113,2.1,252,233.475,28017,3,2,132,19,young,2,female,2,right,2,happy,2,y_f_h,young_female_happy,132_y_f_h_a.jpg,0.1,12,y_f_n,young_female_neutral,132_y_f_n_a.jpg,9,0.2,24,4,0.3,36,1.5,180,NaN,NaN,NaN
114,2.33333333333333,280,235.508333333333,28261,3,2,64,10,middle,1,female,2,left,1,happy,2,m_f_h,middle_female_happy,064_m_f_h_a.jpg,0.1,12,m_f_n,middle_female_neutral,064_m_f_n_a.jpg,10,0.25,30,6,0.483333333333333,58,1.5,180,NaN,NaN,NaN
115,2,240,237.733333333333,28528,3,2,111,17,middle,1,female,2,right,2,fear,1,m_f_f,middle_female_fear,111_m_f_f_a.jpg,0.1,12,m_f_n,middle_female_neutral,111_m_f_n_a.jpg,7,0.1,12,4,0.3,36,1.5,180,NaN,NaN,NaN
116,2.19166666666667,263,239.433333333333,28732,3,2,7,1,middle,1,male,1,left,1,fear,1,m_m_f,middle_male_fear,007_m_m_f_a.jpg,0.1,12,m_m_n,middle_male_neutral,007_m_m_n_a.jpg,1,0.0166666666666667,2,7,0.575,69,1.5,180,NaN,NaN,NaN
117,1.95833333333333,235,241.433333333333,28972,3,2,113,18,middle,1,female,2,right,2,fear,1,m_f_f,middle_female_fear,113_m_f_f_a.jpg,0.1,12,m_f_n,middle_female_neutral,113_m_f_n_a.jpg,8,0.15,18,3,0.208333333333333,25,1.5,180,NaN,NaN,NaN
118,2.19166666666667,263,243.391666666667,29207,3,2,70,11,middle,1,male,1,right,2,fear,1,m_m_f,middle_male_fear,070_m_m_f_a.jpg,0.1,12,m_m_n,middle_male_neutral,070_m_m_n_a.jpg,1,0.0166666666666667,2,7,0.575,69,1.5,180,NaN,NaN,NaN
119,2.19166666666667,263,245.4,29448,3,2,119,19,young,2,male,1,right,2,fear,1,y_m_f,young_male_fear,119_y_m_f_a.jpg,0.1,12,y_m_n,young_male_neutral,119_y_m_n_a.jpg,9,0.2,24,5,0.391666666666667,47,1.5,180,NaN,NaN,NaN
120,1.88333333333333,226,247.825,29739,3,2,40,6,young,2,female,2,right,2,fear,1,y_f_f,young_female_fear,040_y_f_f_a.jpg,0.1,12,y_f_n,young_female_neutral,040_y_f_n_a.jpg,6,0.075,9,3,0.208333333333333,25,1.5,180,NaN,NaN,NaN
121,1.7,204,249.558333333333,29947,4,2,105,16,young,2,male,1,left,1,happy,2,y_m_h,young_male_happy,105_y_m_h_a.jpg,0.1,12,y_m_n,young_male_neutral,105_y_m_n_a.jpg,6,0.075,9,1,0.025,3,1.5,180,NaN,NaN,NaN
122,1.65,198,251.208333333333,30145,4,2,77,12,middle,1,male,1,left,1,fear,1,m_m_f,middle_male_fear,077_m_m_f_a.jpg,0.1,12,m_m_n,middle_male_neutral,077_m_m_n_a.jpg,2,0.025,3,1,0.025,3,1.5,180,NaN,NaN,NaN
123,2.09166666666667,251,252.958333333333,30355,4,2,51,7,middle,1,male,1,left,1,fear,1,m_m_f,middle_male_fear,051_m_m_f_a.jpg,0.1,12,m_m_n,middle_male_neutral,051_m_m_n_a.jpg,7,0.1,12,5,0.391666666666667,47,1.5,180,NaN,NaN,NaN
124,2.2,264,254.716666666667,30566,4,2,85,12,young,2,female,2,right,2,fear,1,y_f_f,young_female_fear,085_y_f_f_a.jpg,0.1,12,y_f_n,young_female_neutral,085_y_f_n_a.jpg,2,0.025,3,7,0.575,69,1.5,180,NaN,NaN,NaN
125,2.51666666666667,302,256.666666666667,30800,4,2,134,20,young,2,female,2,right,2,happy,2,y_f_h,young_female_happy,134_y_f_h_a.jpg,0.1,12,y_f_n,young_female_neutral,134_y_f_n_a.jpg,10,0.25,30,8,0.666666666666667,80,1.5,180,NaN,NaN,NaN
126,1.81666666666667,218,258.458333333333,31015,4,2,41,7,young,2,male,1,left,1,fear,1,y_m_f,young_male_fear,041_y_m_f_a.jpg,0.1,12,y_m_n,young_male_neutral,041_y_m_n_a.jpg,7,0.1,12,2,0.116666666666667,14,1.5,180,NaN,NaN,NaN
127,2,240,260.825,31299,4,2,51,7,middle,1,male,1,left,1,happy,2,m_m_h,middle_male_happy,051_m_m_h_a.jpg,0.1,12,m_m_n,middle_male_neutral,051_m_m_n_a.jpg,7,0.1,12,4,0.3,36,1.5,180,NaN,NaN,NaN
128,2.125,255,262.6,31512,4,2,28,4,young,2,female,2,right,2,happy,2,y_f_h,young_female_happy,028_y_f_h_a.jpg,0.1,12,y_f_n,young_female_neutral,028_y_f_n_a.jpg,4,0.0416666666666667,5,6,0.483333333333333,58,1.5,180,NaN,NaN,NaN
129,1.85833333333333,223,264.7,31764,4,2,97,15,middle,1,female,2,right,2,happy,2,m_f_h,middle_female_happy,097_m_f_h_a.jpg,0.1,12,m_f_n,middle_female_neutral,097_m_f_n_a.jpg,5,0.05,6,3,0.208333333333333,25,1.5,180,NaN,NaN,NaN
130,1.93333333333333,232,267.033333333333,32044,4,2,84,13,middle,1,female,2,right,2,fear,1,m_f_f,middle_female_fear,084_m_f_f_a.jpg,0.1,12,m_f_n,middle_female_neutral,084_m_f_n_a.jpg,3,0.0333333333333333,4,4,0.3,36,1.5,180,NaN,NaN,NaN
131,1.64166666666667,197,269.225,32307,4,2,10,1,young,2,female,2,left,1,fear,1,y_f_f,young_female_fear,010_y_f_f_a.jpg,0.1,12,y_f_n,young_female_neutral,010_y_f_n_a.jpg,1,0.0166666666666667,2,1,0.025,3,1.5,180,NaN,NaN,NaN
132,1.83333333333333,220,270.875,32505,4,2,14,2,middle,1,male,1,left,1,fear,1,m_m_f,middle_male_fear,014_m_m_f_a.jpg,0.1,12,m_m_n,middle_male_neutral,014_m_m_n_a.jpg,2,0.025,3,3,0.208333333333333,25,1.5,180,NaN,NaN,NaN
133,2.2,264,273.083333333333,32770,4,2,77,12,middle,1,male,1,left,1,fear,1,m_m_f,middle_male_fear,077_m_m_f_a.jpg,0.1,12,m_m_n,middle_male_neutral,077_m_m_n_a.jpg,2,0.025,3,7,0.575,69,1.5,180,NaN,NaN,NaN
134,2.00833333333333,241,275.3,33036,4,2,57,9,young,2,male,1,left,1,happy,2,y_m_h,young_male_happy,057_y_m_h_a.jpg,0.1,12,y_m_n,young_male_neutral,057_y_m_n_a.jpg,9,0.2,24,3,0.208333333333333,25,1.5,180,NaN,NaN,NaN
135,1.81666666666667,218,277.158333333333,33259,4,2,41,7,young,2,male,1,right,2,happy,2,y_m_h,young_male_happy,041_y_m_h_a.jpg,0.1,12,y_m_n,young_male_neutral,041_y_m_n_a.jpg,7,0.1,12,2,0.116666666666667,14,1.5,180,NaN,NaN,NaN
136,2.3,276,279.225,33507,4,2,16,3,young,2,male,1,left,1,fear,1,y_m_f,young_male_fear,016_y_m_f_a.jpg,0.1,12,y_m_n,young_male_neutral,016_y_m_n_a.jpg,3,0.0333333333333333,4,8,0.666666666666667,80,1.5,180,NaN,NaN,NaN
137,2.05833333333333,247,281.225,33747,4,2,69,10,young,2,female,2,right,2,fear,1,y_f_f,young_female_fear,069_y_f_f_a.jpg,0.1,12,y_f_n,young_female_neutral,069_y_f_n_a.jpg,10,0.25,30,3,0.208333333333333,25,1.5,180,NaN,NaN,NaN
138,1.79166666666667,215,283.091666666667,33971,4,2,40,6,young,2,female,2,right,2,fear,1,y_f_f,young_female_fear,040_y_f_f_a.jpg,0.1,12,y_f_n,young_female_neutral,040_y_f_n_a.jpg,6,0.075,9,2,0.116666666666667,14,1.5,180,NaN,NaN,NaN
139,2.21666666666667,266,284.916666666667,34190,4,2,98,14,young,2,female,2,right,2,fear,1,y_f_f,young_female_fear,098_y_f_f_a.jpg,0.1,12,y_f_n,young_female_neutral,098_y_f_n_a.jpg,4,0.0416666666666667,5,7,0.575,69,1.5,180,NaN,NaN,NaN
140,2.15,258,286.975,34437,4,2,64,10,middle,1,female,2,left,1,fear,1,m_f_f,middle_female_fear,064_m_f_f_a.jpg,0.1,12,m_f_n,middle_female_neutral,064_m_f_n_a.jpg,10,0.25,30,4,0.3,36,1.5,180,NaN,NaN,NaN
141,2.14166666666667,257,289.258333333333,34711,4,2,114,18,young,2,male,1,left,1,happy,2,y_m_h,young_male_happy,114_y_m_h_a.jpg,0.1,12,y_m_n,young_male_neutral,114_y_m_n_a.jpg,8,0.15,18,5,0.391666666666667,47,1.5,180,NaN,NaN,NaN
142,2.15833333333333,259,291.458333333333,34975,4,2,105,16,young,2,male,1,left,1,fear,1,y_m_f,young_male_fear,105_y_m_f_a.jpg,0.1,12,y_m_n,young_male_neutral,105_y_m_n_a.jpg,6,0.075,9,6,0.483333333333333,58,1.5,180,NaN,NaN,NaN
143,1.81666666666667,218,293.3,35196,4,2,50,7,middle,1,female,2,right,2,happy,2,m_f_h,middle_female_happy,050_m_f_h_a.jpg,0.1,12,m_f_n,middle_female_neutral,050_m_f_n_a.jpg,7,0.1,12,2,0.116666666666667,14,1.5,180,NaN,NaN,NaN
144,1.96666666666667,236,295.516666666666,35462,4,2,126,20,middle,1,male,1,left,1,fear,1,m_m_f,middle_male_fear,126_m_m_f_a.jpg,0.1,12,m_m_n,middle_male_neutral,126_m_m_n_a.jpg,10,0.25,30,2,0.116666666666667,14,1.5,180,NaN,NaN,NaN
145,2.20833333333333,265,297.466666666666,35696,4,2,90,13,young,2,female,2,left,1,fear,1,y_f_f,young_female_fear,090_y_f_f_a.jpg,0.1,12,y_f_n,young_female_neutral,090_y_f_n_a.jpg,3,0.0333333333333333,4,7,0.575,69,1.5,180,NaN,NaN,NaN
146,2.21666666666667,266,299.441666666666,35933,4,2,93,14,middle,1,female,2,left,1,happy,2,m_f_h,middle_female_happy,093_m_f_h_a.jpg,0.1,12,m_f_n,middle_female_neutral,093_m_f_n_a.jpg,4,0.0416666666666667,5,7,0.575,69,1.5,180,NaN,NaN,NaN
147,2.46666666666667,296,301.258333333333,36151,4,2,57,9,young,2,male,1,left,1,happy,2,y_m_h,young_male_happy,057_y_m_h_a.jpg,0.1,12,y_m_n,young_male_neutral,057_y_m_n_a.jpg,9,0.2,24,8,0.666666666666667,80,1.5,180,NaN,NaN,NaN
148,1.90833333333333,229,303.125,36375,4,2,115,17,young,2,female,2,right,2,fear,1,y_f_f,young_female_fear,115_y_f_f_a.jpg,0.1,12,y_f_n,young_female_neutral,115_y_f_n_a.jpg,7,0.1,12,3,0.208333333333333,25,1.5,180,NaN,NaN,NaN
149,2.29166666666667,275,305.316666666666,36638,4,2,14,2,middle,1,male,1,left,1,happy,2,m_m_h,middle_male_happy,014_m_m_h_a.jpg,0.1,12,m_m_n,middle_male_neutral,014_m_m_n_a.jpg,2,0.025,3,8,0.666666666666667,80,1.5,180,NaN,NaN,NaN
150,1.86666666666667,224,307.466666666666,36896,4,2,108,18,middle,1,male,1,left,1,happy,2,m_m_h,middle_male_happy,108_m_m_h_a.jpg,0.1,12,m_m_n,middle_male_neutral,108_m_m_n_a.jpg,8,0.15,18,2,0.116666666666667,14,1.5,180,NaN,NaN,NaN
151,1.74166666666667,209,309.75,37170,4,2,72,12,young,2,male,1,left,1,fear,1,y_m_f,young_male_fear,072_y_m_f_a.jpg,0.1,12,y_m_n,young_male_neutral,072_y_m_n_a.jpg,2,0.025,3,2,0.116666666666667,14,1.5,180,NaN,NaN,NaN
152,2.03333333333333,244,311.675,37401,4,2,89,14,young,2,male,1,right,2,fear,1,y_m_f,young_male_fear,089_y_m_f_a.jpg,0.1,12,y_m_n,young_male_neutral,089_y_m_n_a.jpg,4,0.0416666666666667,5,5,0.391666666666667,47,1.5,180,NaN,NaN,NaN
153,1.75833333333333,211,313.791666666667,37655,4,2,98,14,young,2,female,2,right,2,happy,2,y_f_h,young_female_happy,098_y_f_h_a.jpg,0.1,12,y_f_n,young_female_neutral,098_y_f_n_a.jpg,4,0.0416666666666667,5,2,0.116666666666667,14,1.5,180,NaN,NaN,NaN
154,2.00833333333333,241,315.458333333333,37855,4,2,10,1,young,2,female,2,left,1,happy,2,y_f_h,young_female_happy,010_y_f_h_a.jpg,0.1,12,y_f_n,young_female_neutral,010_y_f_n_a.jpg,1,0.0166666666666667,2,5,0.391666666666667,47,1.5,180,NaN,NaN,NaN
155,2.1,252,317.683333333333,38122,4,2,71,11,young,2,female,2,right,2,fear,1,y_f_f,young_female_fear,071_y_f_f_a.jpg,0.1,12,y_f_n,young_female_neutral,071_y_f_n_a.jpg,1,0.0166666666666667,2,6,0.483333333333333,58,1.5,180,NaN,NaN,NaN
156,2.30833333333333,277,319.933333333333,38392,4,2,87,14,middle,1,male,1,left,1,fear,1,m_m_f,middle_male_fear,087_m_m_f_a.jpg,0.1,12,m_m_n,middle_male_neutral,087_m_m_n_a.jpg,4,0.0416666666666667,5,8,0.666666666666667,80,1.5,180,NaN,NaN,NaN
157,2.30833333333333,277,321.933333333333,38632,4,2,32,4,middle,1,male,1,left,1,fear,1,m_m_f,middle_male_fear,032_m_m_f_a.jpg,0.1,12,m_m_n,middle_male_neutral,032_m_m_n_a.jpg,4,0.0416666666666667,5,8,0.666666666666667,80,1.5,180,NaN,NaN,NaN
158,1.64166666666667,197,324.166666666667,38900,4,2,70,11,middle,1,male,1,right,2,fear,1,m_m_f,middle_male_fear,070_m_m_f_a.jpg,0.1,12,m_m_n,middle_male_neutral,070_m_m_n_a.jpg,1,0.0166666666666667,2,1,0.025,3,1.5,180,NaN,NaN,NaN
159,2.33333333333333,280,326.541666666667,39185,4,2,134,20,young,2,female,2,right,2,fear,1,y_f_f,young_female_fear,134_y_f_f_a.jpg,0.1,12,y_f_n,young_female_neutral,134_y_f_n_a.jpg,10,0.25,30,6,0.483333333333333,58,1.5,180,NaN,NaN,NaN
160,1.91666666666667,230,328.6,39432,4,2,63,9,young,2,female,2,left,1,happy,2,y_f_h,young_female_happy,063_y_f_h_a.jpg,0.1,12,y_f_n,young_female_neutral,063_y_f_n_a.jpg,9,0.2,24,2,0.116666666666667,14,1.5,180,NaN,NaN,NaN
161,1.85,222,330.241666666667,39629,5,3,89,14,young,2,male,1,left,1,happy,2,y_m_h,young_male_happy,089_y_m_h_a.jpg,0.1,12,y_m_n,young_male_neutral,089_y_m_n_a.jpg,4,0.0416666666666667,5,3,0.208333333333333,25,1.5,180,NaN,NaN,NaN
162,2.24166666666667,269,332.533333333333,39904,5,3,126,20,middle,1,male,1,right,2,happy,2,m_m_h,middle_male_happy,126_m_m_h_a.jpg,0.1,12,m_m_n,middle_male_neutral,126_m_m_n_a.jpg,10,0.25,30,5,0.391666666666667,47,1.5,180,NaN,NaN,NaN
163,2.18333333333333,262,334.375,40125,5,3,48,7,young,2,female,2,right,2,fear,1,y_f_f,young_female_fear,048_y_f_f_a.jpg,0.1,12,y_f_n,young_female_neutral,048_y_f_n_a.jpg,7,0.1,12,6,0.483333333333333,58,1.5,180,NaN,NaN,NaN
164,2.19166666666667,263,336.225,40347,5,3,58,9,middle,1,male,1,left,1,happy,2,m_m_h,middle_male_happy,058_m_m_h_a.jpg,0.1,12,m_m_n,middle_male_neutral,058_m_m_n_a.jpg,9,0.2,24,5,0.391666666666667,47,1.5,180,NaN,NaN,NaN
165,1.825,219,338.45,40614,5,3,70,11,middle,1,male,1,left,1,happy,2,m_m_h,middle_male_happy,070_m_m_h_a.jpg,0.1,12,m_m_n,middle_male_neutral,070_m_m_n_a.jpg,1,0.0166666666666667,2,3,0.208333333333333,25,1.5,180,NaN,NaN,NaN
166,1.875,225,340.791666666667,40895,5,3,123,20,young,2,male,1,right,2,happy,2,y_m_h,young_male_happy,123_y_m_h_a.jpg,0.1,12,y_m_n,young_male_neutral,123_y_m_n_a.jpg,10,0.25,30,1,0.025,3,1.5,180,NaN,NaN,NaN
167,1.775,213,342.883333333333,41146,5,3,52,8,middle,1,female,2,left,1,happy,2,m_f_h,middle_female_happy,052_m_f_h_a.jpg,0.1,12,m_f_n,middle_female_neutral,052_m_f_n_a.jpg,8,0.15,18,1,0.025,3,1.5,180,NaN,NaN,NaN
168,2.30833333333333,277,345.116666666667,41414,5,3,25,4,young,2,male,1,right,2,happy,2,y_m_h,young_male_happy,025_y_m_h_a.jpg,0.1,12,y_m_n,young_male_neutral,025_y_m_n_a.jpg,4,0.0416666666666667,5,8,0.666666666666667,80,1.5,180,NaN,NaN,NaN
169,1.65,198,347.583333333333,41710,5,3,20,2,young,2,female,2,right,2,fear,1,y_f_f,young_female_fear,020_y_f_f_a.jpg,0.1,12,y_f_n,young_female_neutral,020_y_f_n_a.jpg,2,0.025,3,1,0.025,3,1.5,180,NaN,NaN,NaN
170,2.025,243,350.1,42012,5,3,16,3,young,2,male,1,right,2,happy,2,y_m_h,young_male_happy,016_y_m_h_a.jpg,0.1,12,y_m_n,young_male_neutral,016_y_m_n_a.jpg,3,0.0333333333333333,4,5,0.391666666666667,47,1.5,180,NaN,NaN,NaN
171,1.76666666666667,212,352.108333333333,42253,5,3,101,15,young,2,female,2,right,2,fear,1,y_f_f,young_female_fear,101_y_f_f_a.jpg,0.1,12,y_f_n,young_female_neutral,101_y_f_n_a.jpg,5,0.05,6,2,0.116666666666667,14,1.5,180,NaN,NaN,NaN
172,2.28333333333333,274,353.758333333333,42451,5,3,117,19,middle,1,female,2,left,1,fear,1,m_f_f,middle_female_fear,117_m_f_f_a.jpg,0.1,12,m_f_n,middle_female_neutral,117_m_f_n_a.jpg,9,0.2,24,6,0.483333333333333,58,1.5,180,NaN,NaN,NaN
173,2.29166666666667,275,356.058333333333,42727,5,3,85,12,young,2,female,2,left,1,fear,1,y_f_f,young_female_fear,085_y_f_f_a.jpg,0.1,12,y_f_n,young_female_neutral,085_y_f_n_a.jpg,2,0.025,3,8,0.666666666666667,80,1.5,180,NaN,NaN,NaN
174,1.75833333333333,211,358.091666666667,42971,5,3,98,14,young,2,female,2,left,1,happy,2,y_f_h,young_female_happy,098_y_f_h_a.jpg,0.1,12,y_f_n,young_female_neutral,098_y_f_n_a.jpg,4,0.0416666666666667,5,2,0.116666666666667,14,1.5,180,NaN,NaN,NaN
175,2.19166666666667,263,360.041666666667,43205,5,3,71,11,young,2,female,2,right,2,happy,2,y_f_h,young_female_happy,071_y_f_h_a.jpg,0.1,12,y_f_n,young_female_neutral,071_y_f_n_a.jpg,1,0.0166666666666667,2,7,0.575,69,1.5,180,NaN,NaN,NaN
176,2.00833333333333,241,362.108333333333,43453,5,3,58,9,middle,1,male,1,right,2,fear,1,m_m_f,middle_male_fear,058_m_m_f_a.jpg,0.1,12,m_m_n,middle_male_neutral,058_m_m_n_a.jpg,9,0.2,24,3,0.208333333333333,25,1.5,180,NaN,NaN,NaN
177,2.28333333333333,274,364.108333333333,43693,5,3,6,1,middle,1,female,2,left,1,happy,2,m_f_h,middle_female_happy,006_m_f_h_a.jpg,0.1,12,m_f_n,middle_female_neutral,006_m_f_n_a.jpg,1,0.0166666666666667,2,8,0.666666666666667,80,1.5,180,NaN,NaN,NaN
178,1.84166666666667,221,366.525,43983,5,3,19,3,middle,1,female,2,left,1,happy,2,m_f_h,middle_female_happy,019_m_f_h_a.jpg,0.1,12,m_f_n,middle_female_neutral,019_m_f_n_a.jpg,3,0.0333333333333333,4,3,0.208333333333333,25,1.5,180,NaN,NaN,NaN
179,2.25,270,368.716666666667,44246,5,3,105,16,young,2,male,1,right,2,happy,2,y_m_h,young_male_happy,105_y_m_h_a.jpg,0.1,12,y_m_n,young_male_neutral,105_y_m_n_a.jpg,6,0.075,9,7,0.575,69,1.5,180,NaN,NaN,NaN
180,1.88333333333333,226,370.775,44493,5,3,37,6,young,2,male,1,right,2,happy,2,y_m_h,young_male_happy,037_y_m_h_a.jpg,0.1,12,y_m_n,young_male_neutral,037_y_m_n_a.jpg,6,0.075,9,3,0.208333333333333,25,1.5,180,NaN,NaN,NaN
181,1.775,213,372.691666666667,44723,5,3,125,18,young,2,female,2,right,2,fear,1,y_f_f,young_female_fear,125_y_f_f_a.jpg,0.1,12,y_f_n,young_female_neutral,125_y_f_n_a.jpg,8,0.15,18,1,0.025,3,1.5,180,NaN,NaN,NaN
182,2.2,264,374.525,44943,5,3,11,2,middle,1,female,2,left,1,happy,2,m_f_h,middle_female_happy,011_m_f_h_a.jpg,0.1,12,m_f_n,middle_female_neutral,011_m_f_n_a.jpg,2,0.025,3,7,0.575,69,1.5,180,NaN,NaN,NaN
183,1.73333333333333,208,376.825,45219,5,3,73,11,middle,1,female,2,right,2,fear,1,m_f_f,middle_female_fear,073_m_f_f_a.jpg,0.1,12,m_f_n,middle_female_neutral,073_m_f_n_a.jpg,1,0.0166666666666667,2,2,0.116666666666667,14,1.5,180,NaN,NaN,NaN
184,2.33333333333333,280,378.583333333333,45430,5,3,68,10,middle,1,male,1,right,2,fear,1,m_m_f,middle_male_fear,068_m_m_f_a.jpg,0.1,12,m_m_n,middle_male_neutral,068_m_m_n_a.jpg,10,0.25,30,6,0.483333333333333,58,1.5,180,NaN,NaN,NaN
185,2.15,258,380.258333333333,45631,5,3,69,10,young,2,female,2,right,2,fear,1,y_f_f,young_female_fear,069_y_f_f_a.jpg,0.1,12,y_f_n,young_female_neutral,069_y_f_n_a.jpg,10,0.25,30,4,0.3,36,1.5,180,NaN,NaN,NaN
186,2.19166666666667,263,381.958333333333,45835,5,3,61,9,middle,1,female,2,left,1,fear,1,m_f_f,middle_female_fear,061_m_f_f_a.jpg,0.1,12,m_f_n,middle_female_neutral,061_m_f_n_a.jpg,9,0.2,24,5,0.391666666666667,47,1.5,180,NaN,NaN,NaN
187,1.95,234,383.775,46053,5,3,35,5,middle,1,female,2,left,1,happy,2,m_f_h,middle_female_happy,035_m_f_h_a.jpg,0.1,12,m_f_n,middle_female_neutral,035_m_f_n_a.jpg,5,0.05,6,4,0.3,36,1.5,180,NaN,NaN,NaN
188,2.20833333333333,265,386.191666666667,46343,5,3,81,13,young,2,male,1,left,1,fear,1,y_m_f,young_male_fear,081_y_m_f_a.jpg,0.1,12,y_m_n,young_male_neutral,081_y_m_n_a.jpg,3,0.0333333333333333,4,7,0.575,69,1.5,180,NaN,NaN,NaN
189,2.325,279,388.108333333333,46573,5,3,113,18,middle,1,female,2,left,1,fear,1,m_f_f,middle_female_fear,113_m_f_f_a.jpg,0.1,12,m_f_n,middle_female_neutral,113_m_f_n_a.jpg,8,0.15,18,7,0.575,69,1.5,180,NaN,NaN,NaN
190,2.00833333333333,241,390.166666666667,46820,5,3,8,1,young,2,male,1,left,1,happy,2,y_m_h,young_male_happy,008_y_m_h_a.jpg,0.1,12,y_m_n,young_male_neutral,008_y_m_n_a.jpg,1,0.0166666666666667,2,5,0.391666666666667,47,1.5,180,NaN,NaN,NaN
191,2.3,276,391.991666666667,47039,5,3,81,13,young,2,male,1,left,1,fear,1,y_m_f,young_male_fear,081_y_m_f_a.jpg,0.1,12,y_m_n,young_male_neutral,081_y_m_n_a.jpg,3,0.0333333333333333,4,8,0.666666666666667,80,1.5,180,NaN,NaN,NaN
192,2.36666666666667,284,393.733333333333,47248,5,3,51,7,middle,1,male,1,right,2,happy,2,m_m_h,middle_male_happy,051_m_m_h_a.jpg,0.1,12,m_m_n,middle_male_neutral,051_m_m_n_a.jpg,7,0.1,12,8,0.666666666666667,80,1.5,180,NaN,NaN,NaN
193,2.04166666666667,245,395.941666666667,47513,5,3,101,15,young,2,female,2,right,2,fear,1,y_f_f,young_female_fear,101_y_f_f_a.jpg,0.1,12,y_f_n,young_female_neutral,101_y_f_n_a.jpg,5,0.05,6,5,0.391666666666667,47,1.5,180,NaN,NaN,NaN
194,2.00833333333333,241,397.7,47724,5,3,116,19,middle,1,male,1,left,1,fear,1,m_m_f,middle_male_fear,116_m_m_f_a.jpg,0.1,12,m_m_n,middle_male_neutral,116_m_m_n_a.jpg,9,0.2,24,3,0.208333333333333,25,1.5,180,NaN,NaN,NaN
195,2.03333333333333,244,399.375,47925,5,3,93,14,middle,1,female,2,right,2,fear,1,m_f_f,middle_female_fear,093_m_f_f_a.jpg,0.1,12,m_f_n,middle_female_neutral,093_m_f_n_a.jpg,4,0.0416666666666667,5,5,0.391666666666667,47,1.5,180,NaN,NaN,NaN
196,2.33333333333333,280,401.533333333333,48184,5,3,122,20,middle,1,female,2,left,1,fear,1,m_f_f,middle_female_fear,122_m_f_f_a.jpg,0.1,12,m_f_n,middle_female_neutral,122_m_f_n_a.jpg,10,0.25,30,6,0.483333333333333,58,1.5,180,NaN,NaN,NaN
197,1.675,201,403.808333333333,48457,5,3,31,5,young,2,male,1,right,2,fear,1,y_m_f,young_male_fear,031_y_m_f_a.jpg,0.1,12,y_m_n,young_male_neutral,031_y_m_n_a.jpg,5,0.05,6,1,0.025,3,1.5,180,NaN,NaN,NaN
198,2.20833333333333,265,406.133333333333,48736,5,3,82,13,middle,1,male,1,right,2,fear,1,m_m_f,middle_male_fear,082_m_m_f_a.jpg,0.1,12,m_m_n,middle_male_neutral,082_m_m_n_a.jpg,3,0.0333333333333333,4,7,0.575,69,1.5,180,NaN,NaN,NaN
199,1.925,231,408.416666666667,49010,5,3,80,12,middle,1,female,2,left,1,happy,2,m_f_h,middle_female_happy,080_m_f_h_a.jpg,0.1,12,m_f_n,middle_female_neutral,080_m_f_n_a.jpg,2,0.025,3,4,0.3,36,1.5,180,NaN,NaN,NaN
200,2.3,276,410.291666666667,49235,5,3,26,3,middle,1,male,1,left,1,happy,2,m_m_h,middle_male_happy,026_m_m_h_a.jpg,0.1,12,m_m_n,middle_male_neutral,026_m_m_n_a.jpg,3,0.0333333333333333,4,8,0.666666666666667,80,1.5,180,NaN,NaN,NaN
201,2.33333333333333,280,412.575,49509,6,3,68,10,middle,1,male,1,left,1,happy,2,m_m_h,middle_male_happy,068_m_m_h_a.jpg,0.1,12,m_m_n,middle_male_neutral,068_m_m_n_a.jpg,10,0.25,30,6,0.483333333333333,58,1.5,180,NaN,NaN,NaN
202,2.34166666666667,281,414.5,49740,6,3,106,16,young,2,female,2,right,2,fear,1,y_f_f,young_female_fear,106_y_f_f_a.jpg,0.1,12,y_f_n,young_female_neutral,106_y_f_n_a.jpg,6,0.075,9,8,0.666666666666667,80,1.5,180,NaN,NaN,NaN
203,1.74166666666667,209,416.525,49983,6,3,80,12,middle,1,female,2,right,2,fear,1,m_f_f,middle_female_fear,080_m_f_f_a.jpg,0.1,12,m_f_n,middle_female_neutral,080_m_f_n_a.jpg,2,0.025,3,2,0.116666666666667,14,1.5,180,NaN,NaN,NaN
204,1.775,213,418.191666666667,50183,6,3,49,8,young,2,male,1,right,2,happy,2,y_m_h,young_male_happy,049_y_m_h_a.jpg,0.1,12,y_m_n,young_male_neutral,049_y_m_n_a.jpg,8,0.15,18,1,0.025,3,1.5,180,NaN,NaN,NaN
205,1.84166666666667,221,420.508333333333,50461,6,3,90,13,young,2,female,2,left,1,happy,2,y_f_h,young_female_happy,090_y_f_h_a.jpg,0.1,12,y_f_n,young_female_neutral,090_y_f_n_a.jpg,3,0.0333333333333333,4,3,0.208333333333333,25,1.5,180,NaN,NaN,NaN
206,2.05833333333333,247,422.391666666667,50687,6,3,122,20,middle,1,female,2,right,2,happy,2,m_f_h,middle_female_happy,122_m_f_h_a.jpg,0.1,12,m_f_n,middle_female_neutral,122_m_f_n_a.jpg,10,0.25,30,3,0.208333333333333,25,1.5,180,NaN,NaN,NaN
207,2.46666666666667,296,424.208333333333,50905,6,3,119,19,young,2,male,1,right,2,happy,2,y_m_h,young_male_happy,119_y_m_h_a.jpg,0.1,12,y_m_n,young_male_neutral,119_y_m_n_a.jpg,9,0.2,24,8,0.666666666666667,80,1.5,180,NaN,NaN,NaN
208,2.025,243,425.983333333333,51118,6,3,22,3,young,2,female,2,right,2,fear,1,y_f_f,young_female_fear,022_y_f_f_a.jpg,0.1,12,y_f_n,young_female_neutral,022_y_f_n_a.jpg,3,0.0333333333333333,4,5,0.391666666666667,47,1.5,180,NaN,NaN,NaN
209,1.64166666666667,197,428.45,51414,6,3,8,1,young,2,male,1,left,1,fear,1,y_m_f,young_male_fear,008_y_m_f_a.jpg,0.1,12,y_m_n,young_male_neutral,008_y_m_n_a.jpg,1,0.0166666666666667,2,1,0.025,3,1.5,180,NaN,NaN,NaN
210,2.225,267,430.6,51672,6,3,31,5,young,2,male,1,right,2,happy,2,y_m_h,young_male_happy,031_y_m_h_a.jpg,0.1,12,y_m_n,young_male_neutral,031_y_m_n_a.jpg,5,0.05,6,7,0.575,69,1.5,180,NaN,NaN,NaN
211,2.325,279,432.608333333333,51913,6,3,56,8,middle,1,male,1,left,1,happy,2,m_m_h,middle_male_happy,056_m_m_h_a.jpg,0.1,12,m_m_n,middle_male_neutral,056_m_m_n_a.jpg,8,0.15,18,7,0.575,69,1.5,180,NaN,NaN,NaN
212,2.225,267,434.625,52155,6,3,34,5,young,2,female,2,right,2,happy,2,y_f_h,young_female_happy,034_y_f_h_a.jpg,0.1,12,y_f_n,young_female_neutral,034_y_f_n_a.jpg,5,0.05,6,7,0.575,69,1.5,180,NaN,NaN,NaN
213,1.84166666666667,221,436.65,52398,6,3,19,3,middle,1,female,2,left,1,fear,1,m_f_f,middle_female_fear,019_m_f_f_a.jpg,0.1,12,m_f_n,middle_female_neutral,019_m_f_n_a.jpg,3,0.0333333333333333,4,3,0.208333333333333,25,1.5,180,NaN,NaN,NaN
214,2.225,267,438.866666666666,52664,6,3,35,5,middle,1,female,2,left,1,fear,1,m_f_f,middle_female_fear,035_m_f_f_a.jpg,0.1,12,m_f_n,middle_female_neutral,035_m_f_n_a.jpg,5,0.05,6,7,0.575,69,1.5,180,NaN,NaN,NaN
215,2.375,285,440.541666666666,52865,6,3,132,19,young,2,female,2,right,2,fear,1,y_f_f,young_female_fear,132_y_f_f_a.jpg,0.1,12,y_f_n,young_female_neutral,132_y_f_n_a.jpg,9,0.2,24,7,0.575,69,1.5,180,NaN,NaN,NaN
216,1.95,234,442.241666666666,53069,6,3,99,15,young,2,male,1,left,1,fear,1,y_m_f,young_male_fear,099_y_m_f_a.jpg,0.1,12,y_m_n,young_male_neutral,099_y_m_n_a.jpg,5,0.05,6,4,0.3,36,1.5,180,NaN,NaN,NaN
217,2.28333333333333,274,444.241666666666,53309,6,3,63,9,young,2,female,2,left,1,fear,1,y_f_f,young_female_fear,063_y_f_f_a.jpg,0.1,12,y_f_n,young_female_neutral,063_y_f_n_a.jpg,9,0.2,24,6,0.483333333333333,58,1.5,180,NaN,NaN,NaN
218,1.975,237,446.291666666666,53555,6,3,43,6,middle,1,female,2,left,1,happy,2,m_f_h,middle_female_happy,043_m_f_h_a.jpg,0.1,12,m_f_n,middle_female_neutral,043_m_f_n_a.jpg,6,0.075,9,4,0.3,36,1.5,180,NaN,NaN,NaN
219,2.18333333333333,262,448.575,53829,6,3,50,7,middle,1,female,2,left,1,fear,1,m_f_f,middle_female_fear,050_m_f_f_a.jpg,0.1,12,m_f_n,middle_female_neutral,050_m_f_n_a.jpg,7,0.1,12,6,0.483333333333333,58,1.5,180,NaN,NaN,NaN
220,2.28333333333333,274,450.45,54054,6,3,58,9,middle,1,male,1,left,1,fear,1,m_m_f,middle_male_fear,058_m_m_f_a.jpg,0.1,12,m_m_n,middle_male_neutral,058_m_m_n_a.jpg,9,0.2,24,6,0.483333333333333,58,1.5,180,NaN,NaN,NaN
221,2.33333333333333,280,452.458333333333,54295,6,3,62,10,young,2,male,1,left,1,happy,2,y_m_h,young_male_happy,062_y_m_h_a.jpg,0.1,12,y_m_n,young_male_neutral,062_y_m_n_a.jpg,10,0.25,30,6,0.483333333333333,58,1.5,180,NaN,NaN,NaN
222,2.375,285,454.475,54537,6,3,117,19,middle,1,female,2,right,2,happy,2,m_f_h,middle_female_happy,117_m_f_h_a.jpg,0.1,12,m_f_n,middle_female_neutral,117_m_f_n_a.jpg,9,0.2,24,7,0.575,69,1.5,180,NaN,NaN,NaN
223,2.225,267,456.683333333333,54802,6,3,31,5,young,2,male,1,left,1,fear,1,y_m_f,young_male_fear,031_y_m_f_a.jpg,0.1,12,y_m_n,young_male_neutral,031_y_m_n_a.jpg,5,0.05,6,7,0.575,69,1.5,180,NaN,NaN,NaN
224,2.15,258,458.991666666666,55079,6,3,62,10,young,2,male,1,left,1,happy,2,y_m_h,young_male_happy,062_y_m_h_a.jpg,0.1,12,y_m_n,young_male_neutral,062_y_m_n_a.jpg,10,0.25,30,4,0.3,36,1.5,180,NaN,NaN,NaN
225,2.00833333333333,241,461.216666666666,55346,6,3,116,19,middle,1,male,1,right,2,fear,1,m_m_f,middle_male_fear,116_m_m_f_a.jpg,0.1,12,m_m_n,middle_male_neutral,116_m_m_n_a.jpg,9,0.2,24,3,0.208333333333333,25,1.5,180,NaN,NaN,NaN
226,1.75833333333333,211,462.916666666666,55550,6,3,29,4,middle,1,female,2,left,1,happy,2,m_f_h,middle_female_happy,029_m_f_h_a.jpg,0.1,12,m_f_n,middle_female_neutral,029_m_f_n_a.jpg,4,0.0416666666666667,5,2,0.116666666666667,14,1.5,180,NaN,NaN,NaN
227,1.73333333333333,208,464.733333333333,55768,6,3,71,11,young,2,female,2,left,1,fear,1,y_f_f,young_female_fear,071_y_f_f_a.jpg,0.1,12,y_f_n,young_female_neutral,071_y_f_n_a.jpg,1,0.0166666666666667,2,2,0.116666666666667,14,1.5,180,NaN,NaN,NaN
228,2.19166666666667,263,466.6,55992,6,3,10,1,young,2,female,2,right,2,fear,1,y_f_f,young_female_fear,010_y_f_f_a.jpg,0.1,12,y_f_n,young_female_neutral,010_y_f_n_a.jpg,1,0.0166666666666667,2,7,0.575,69,1.5,180,NaN,NaN,NaN
229,2.34166666666667,281,468.608333333333,56233,6,3,94,16,middle,1,male,1,right,2,happy,2,m_m_h,middle_male_happy,094_m_m_h_a.jpg,0.1,12,m_m_n,middle_male_neutral,094_m_m_n_a.jpg,6,0.075,9,8,0.666666666666667,80,1.5,180,NaN,NaN,NaN
230,2.28333333333333,274,470.941666666666,56513,6,3,116,19,middle,1,male,1,right,2,happy,2,m_m_h,middle_male_happy,116_m_m_h_a.jpg,0.1,12,m_m_n,middle_male_neutral,116_m_m_n_a.jpg,9,0.2,24,6,0.483333333333333,58,1.5,180,NaN,NaN,NaN
231,1.94166666666667,233,472.95,56754,6,3,87,14,middle,1,male,1,left,1,fear,1,m_m_f,middle_male_fear,087_m_m_f_a.jpg,0.1,12,m_m_n,middle_male_neutral,087_m_m_n_a.jpg,4,0.0416666666666667,5,4,0.3,36,1.5,180,NaN,NaN,NaN
232,1.825,219,475.058333333333,57007,6,3,7,1,middle,1,male,1,right,2,fear,1,m_m_f,middle_male_fear,007_m_m_f_a.jpg,0.1,12,m_m_n,middle_male_neutral,007_m_m_n_a.jpg,1,0.0166666666666667,2,3,0.208333333333333,25,1.5,180,NaN,NaN,NaN
233,2.25,270,476.808333333333,57217,6,3,103,16,middle,1,female,2,right,2,happy,2,m_f_h,middle_female_happy,103_m_f_h_a.jpg,0.1,12,m_f_n,middle_female_neutral,103_m_f_n_a.jpg,6,0.075,9,7,0.575,69,1.5,180,NaN,NaN,NaN
234,1.7,204,478.658333333333,57439,6,3,37,6,young,2,male,1,left,1,happy,2,y_m_h,young_male_happy,037_y_m_h_a.jpg,0.1,12,y_m_n,young_male_neutral,037_y_m_n_a.jpg,6,0.075,9,1,0.025,3,1.5,180,NaN,NaN,NaN
235,2.14166666666667,257,480.425,57651,6,3,54,8,young,2,female,2,right,2,fear,1,y_f_f,young_female_fear,054_y_f_f_a.jpg,0.1,12,y_f_n,young_female_neutral,054_y_f_n_a.jpg,8,0.15,18,5,0.391666666666667,47,1.5,180,NaN,NaN,NaN
236,1.7,204,482.675,57921,6,3,37,6,young,2,male,1,right,2,fear,1,y_m_f,young_male_fear,037_y_m_f_a.jpg,0.1,12,y_m_n,young_male_neutral,037_y_m_n_a.jpg,6,0.075,9,1,0.025,3,1.5,180,NaN,NaN,NaN
237,2.34166666666667,281,484.858333333333,58183,6,3,45,6,middle,1,male,1,left,1,happy,2,m_m_h,middle_male_happy,045_m_m_h_a.jpg,0.1,12,m_m_n,middle_male_neutral,045_m_m_n_a.jpg,6,0.075,9,8,0.666666666666667,80,1.5,180,NaN,NaN,NaN
238,2,240,487,58440,6,3,109,17,young,2,male,1,left,1,happy,2,y_m_h,young_male_happy,109_y_m_h_a.jpg,0.1,12,y_m_n,young_male_neutral,109_y_m_n_a.jpg,7,0.1,12,4,0.3,36,1.5,180,NaN,NaN,NaN
239,2.36666666666667,284,489.466666666666,58736,6,3,104,17,middle,1,male,1,right,2,happy,2,m_m_h,middle_male_happy,104_m_m_h_a.jpg,0.1,12,m_m_n,middle_male_neutral,104_m_m_n_a.jpg,7,0.1,12,8,0.666666666666667,80,1.5,180,NaN,NaN,NaN
240,2.025,243,491.433333333333,58972,6,3,26,3,middle,1,male,1,right,2,happy,2,m_m_h,middle_male_happy,026_m_m_h_a.jpg,0.1,12,m_m_n,middle_male_neutral,026_m_m_n_a.jpg,3,0.0333333333333333,4,5,0.391666666666667,47,1.5,180,NaN,NaN,NaN
241,2.275,273,493.625,59235,7,4,104,17,middle,1,male,1,right,2,fear,1,m_m_f,middle_male_fear,104_m_m_f_a.jpg,0.1,12,m_m_n,middle_male_neutral,104_m_m_n_a.jpg,7,0.1,12,7,0.575,69,1.5,180,NaN,NaN,NaN
242,2.30833333333333,277,495.366666666666,59444,7,4,32,4,middle,1,male,1,left,1,happy,2,m_m_h,middle_male_happy,032_m_m_h_a.jpg,0.1,12,m_m_n,middle_male_neutral,032_m_m_n_a.jpg,4,0.0416666666666667,5,8,0.666666666666667,80,1.5,180,NaN,NaN,NaN
243,1.85,222,497.208333333333,59665,7,4,87,14,middle,1,male,1,right,2,happy,2,m_m_h,middle_male_happy,087_m_m_h_a.jpg,0.1,12,m_m_n,middle_male_neutral,087_m_m_n_a.jpg,4,0.0416666666666667,5,3,0.208333333333333,25,1.5,180,NaN,NaN,NaN
244,2.34166666666667,281,499.15,59898,7,4,43,6,middle,1,female,2,left,1,fear,1,m_f_f,middle_female_fear,043_m_f_f_a.jpg,0.1,12,m_f_n,middle_female_neutral,043_m_f_n_a.jpg,6,0.075,9,8,0.666666666666667,80,1.5,180,NaN,NaN,NaN
245,1.79166666666667,215,501.466666666666,60176,7,4,43,6,middle,1,female,2,right,2,happy,2,m_f_h,middle_female_happy,043_m_f_h_a.jpg,0.1,12,m_f_n,middle_female_neutral,043_m_f_n_a.jpg,6,0.075,9,2,0.116666666666667,14,1.5,180,NaN,NaN,NaN
246,1.95,234,503.258333333333,60391,7,4,35,5,middle,1,female,2,left,1,happy,2,m_f_h,middle_female_happy,035_m_f_h_a.jpg,0.1,12,m_f_n,middle_female_neutral,035_m_f_n_a.jpg,5,0.05,6,4,0.3,36,1.5,180,NaN,NaN,NaN
247,1.725,207,505.441666666666,60653,7,4,111,17,middle,1,female,2,left,1,fear,1,m_f_f,middle_female_fear,111_m_f_f_a.jpg,0.1,12,m_f_n,middle_female_neutral,111_m_f_n_a.jpg,7,0.1,12,1,0.025,3,1.5,180,NaN,NaN,NaN
248,1.93333333333333,232,507.583333333333,60910,7,4,19,3,middle,1,female,2,right,2,fear,1,m_f_f,middle_female_fear,019_m_f_f_a.jpg,0.1,12,m_f_n,middle_female_neutral,019_m_f_n_a.jpg,3,0.0333333333333333,4,4,0.3,36,1.5,180,NaN,NaN,NaN
249,2.04166666666667,245,509.408333333333,61129,7,4,101,15,young,2,female,2,left,1,happy,2,y_f_h,young_female_happy,101_y_f_h_a.jpg,0.1,12,y_f_n,young_female_neutral,101_y_f_n_a.jpg,5,0.05,6,5,0.391666666666667,47,1.5,180,NaN,NaN,NaN
250,1.84166666666667,221,511.466666666666,61376,7,4,22,3,young,2,female,2,right,2,fear,1,y_f_f,young_female_fear,022_y_f_f_a.jpg,0.1,12,y_f_n,young_female_neutral,022_y_f_n_a.jpg,3,0.0333333333333333,4,3,0.208333333333333,25,1.5,180,NaN,NaN,NaN
251,1.675,201,513.566666666666,61628,7,4,99,15,young,2,male,1,right,2,fear,1,y_m_f,young_male_fear,099_y_m_f_a.jpg,0.1,12,y_m_n,young_male_neutral,099_y_m_n_a.jpg,5,0.05,6,1,0.025,3,1.5,180,NaN,NaN,NaN
252,2.10833333333333,253,515.858333333333,61903,7,4,11,2,middle,1,female,2,right,2,fear,1,m_f_f,middle_female_fear,011_m_f_f_a.jpg,0.1,12,m_f_n,middle_female_neutral,011_m_f_n_a.jpg,2,0.025,3,6,0.483333333333333,58,1.5,180,NaN,NaN,NaN
253,1.85,222,517.791666666666,62135,7,4,93,14,middle,1,female,2,left,1,fear,1,m_f_f,middle_female_fear,093_m_f_f_a.jpg,0.1,12,m_f_n,middle_female_neutral,093_m_f_n_a.jpg,4,0.0416666666666667,5,3,0.208333333333333,25,1.5,180,NaN,NaN,NaN
254,1.7,204,520.1,62412,7,4,45,6,middle,1,male,1,left,1,fear,1,m_m_f,middle_male_fear,045_m_m_f_a.jpg,0.1,12,m_m_n,middle_male_neutral,045_m_m_n_a.jpg,6,0.075,9,1,0.025,3,1.5,180,NaN,NaN,NaN
255,2.20833333333333,265,521.866666666666,62624,7,4,22,3,young,2,female,2,left,1,happy,2,y_f_h,young_female_happy,022_y_f_h_a.jpg,0.1,12,y_f_n,young_female_neutral,022_y_f_n_a.jpg,3,0.0333333333333333,4,7,0.575,69,1.5,180,NaN,NaN,NaN
256,1.94166666666667,233,524.116666666666,62894,7,4,28,4,young,2,female,2,left,1,fear,1,y_f_f,young_female_fear,028_y_f_f_a.jpg,0.1,12,y_f_n,young_female_neutral,028_y_f_n_a.jpg,4,0.0416666666666667,5,4,0.3,36,1.5,180,NaN,NaN,NaN
257,2.275,273,526.025,63123,7,4,109,17,young,2,male,1,right,2,fear,1,y_m_f,young_male_fear,109_y_m_f_a.jpg,0.1,12,y_m_n,young_male_neutral,109_y_m_n_a.jpg,7,0.1,12,7,0.575,69,1.5,180,NaN,NaN,NaN
258,1.75,210,527.983333333333,63358,7,4,19,3,middle,1,female,2,left,1,happy,2,m_f_h,middle_female_happy,019_m_f_h_a.jpg,0.1,12,m_f_n,middle_female_neutral,019_m_f_n_a.jpg,3,0.0333333333333333,4,2,0.116666666666667,14,1.5,180,NaN,NaN,NaN
259,1.925,231,529.808333333333,63577,7,4,77,12,middle,1,male,1,left,1,happy,2,m_m_h,middle_male_happy,077_m_m_h_a.jpg,0.1,12,m_m_n,middle_male_neutral,077_m_m_n_a.jpg,2,0.025,3,4,0.3,36,1.5,180,NaN,NaN,NaN
260,2.21666666666667,266,531.866666666666,63824,7,4,89,14,young,2,male,1,left,1,happy,2,y_m_h,young_male_happy,089_y_m_h_a.jpg,0.1,12,y_m_n,young_male_neutral,089_y_m_n_a.jpg,4,0.0416666666666667,5,7,0.575,69,1.5,180,NaN,NaN,NaN
261,1.725,207,533.508333333333,64021,7,4,115,17,young,2,female,2,right,2,happy,2,y_f_h,young_female_happy,115_y_f_h_a.jpg,0.1,12,y_f_n,young_female_neutral,115_y_f_n_a.jpg,7,0.1,12,1,0.025,3,1.5,180,NaN,NaN,NaN
262,1.675,201,535.158333333333,64219,7,4,92,15,middle,1,male,1,left,1,happy,2,m_m_h,middle_male_happy,092_m_m_h_a.jpg,0.1,12,m_m_n,middle_male_neutral,092_m_m_n_a.jpg,5,0.05,6,1,0.025,3,1.5,180,NaN,NaN,NaN
263,2.03333333333333,244,537.183333333333,64462,7,4,29,4,middle,1,female,2,right,2,fear,1,m_f_f,middle_female_fear,029_m_f_f_a.jpg,0.1,12,m_f_n,middle_female_neutral,029_m_f_n_a.jpg,4,0.0416666666666667,5,5,0.391666666666667,47,1.5,180,NaN,NaN,NaN
264,1.86666666666667,224,539.125,64695,7,4,52,8,middle,1,female,2,right,2,happy,2,m_f_h,middle_female_happy,052_m_f_h_a.jpg,0.1,12,m_f_n,middle_female_neutral,052_m_f_n_a.jpg,8,0.15,18,2,0.116666666666667,14,1.5,180,NaN,NaN,NaN
265,2.225,267,541.35,64962,7,4,38,5,middle,1,male,1,right,2,fear,1,m_m_f,middle_male_fear,038_m_m_f_a.jpg,0.1,12,m_m_n,middle_male_neutral,038_m_m_n_a.jpg,5,0.05,6,7,0.575,69,1.5,180,NaN,NaN,NaN
266,1.76666666666667,212,543.233333333333,65188,7,4,99,15,young,2,male,1,left,1,happy,2,y_m_h,young_male_happy,099_y_m_h_a.jpg,0.1,12,y_m_n,young_male_neutral,099_y_m_n_a.jpg,5,0.05,6,2,0.116666666666667,14,1.5,180,NaN,NaN,NaN
267,2.28333333333333,274,545.325,65439,7,4,73,11,middle,1,female,2,right,2,happy,2,m_f_h,middle_female_happy,073_m_f_h_a.jpg,0.1,12,m_f_n,middle_female_neutral,073_m_f_n_a.jpg,1,0.0166666666666667,2,8,0.666666666666667,80,1.5,180,NaN,NaN,NaN
268,1.95,234,547.375,65685,7,4,101,15,young,2,female,2,left,1,happy,2,y_f_h,young_female_happy,101_y_f_h_a.jpg,0.1,12,y_f_n,young_female_neutral,101_y_f_n_a.jpg,5,0.05,6,4,0.3,36,1.5,180,NaN,NaN,NaN
269,2.15,258,549.658333333333,65959,7,4,64,10,middle,1,female,2,right,2,happy,2,m_f_h,middle_female_happy,064_m_f_h_a.jpg,0.1,12,m_f_n,middle_female_neutral,064_m_f_n_a.jpg,10,0.25,30,4,0.3,36,1.5,180,NaN,NaN,NaN
270,2.01666666666667,242,551.808333333333,66217,7,4,72,12,young,2,male,1,right,2,happy,2,y_m_h,young_male_happy,072_y_m_h_a.jpg,0.1,12,y_m_n,young_male_neutral,072_y_m_n_a.jpg,2,0.025,3,5,0.391666666666667,47,1.5,180,NaN,NaN,NaN
271,2.46666666666667,296,553.541666666666,66425,7,4,58,9,middle,1,male,1,right,2,happy,2,m_m_h,middle_male_happy,058_m_m_h_a.jpg,0.1,12,m_m_n,middle_male_neutral,058_m_m_n_a.jpg,9,0.2,24,8,0.666666666666667,80,1.5,180,NaN,NaN,NaN
272,2.21666666666667,266,555.741666666666,66689,7,4,29,4,middle,1,female,2,left,1,happy,2,m_f_h,middle_female_happy,029_m_f_h_a.jpg,0.1,12,m_f_n,middle_female_neutral,029_m_f_n_a.jpg,4,0.0416666666666667,5,7,0.575,69,1.5,180,NaN,NaN,NaN
273,2.05833333333333,247,557.95,66954,7,4,68,10,middle,1,male,1,left,1,happy,2,m_m_h,middle_male_happy,068_m_m_h_a.jpg,0.1,12,m_m_n,middle_male_neutral,068_m_m_n_a.jpg,10,0.25,30,3,0.208333333333333,25,1.5,180,NaN,NaN,NaN
274,1.94166666666667,233,560.166666666666,67220,7,4,28,4,young,2,female,2,right,2,fear,1,y_f_f,young_female_fear,028_y_f_f_a.jpg,0.1,12,y_f_n,young_female_neutral,028_y_f_n_a.jpg,4,0.0416666666666667,5,4,0.3,36,1.5,180,NaN,NaN,NaN
275,1.74166666666667,209,562.208333333333,67465,7,4,85,12,young,2,female,2,right,2,happy,2,y_f_h,young_female_happy,085_y_f_h_a.jpg,0.1,12,y_f_n,young_female_neutral,085_y_f_n_a.jpg,2,0.025,3,2,0.116666666666667,14,1.5,180,NaN,NaN,NaN
276,2,240,564.55,67746,7,4,111,17,middle,1,female,2,right,2,happy,2,m_f_h,middle_female_happy,111_m_f_h_a.jpg,0.1,12,m_f_n,middle_female_neutral,111_m_f_n_a.jpg,7,0.1,12,4,0.3,36,1.5,180,NaN,NaN,NaN
277,2.18333333333333,262,566.733333333333,68008,7,4,109,17,young,2,male,1,right,2,happy,2,y_m_h,young_male_happy,109_y_m_h_a.jpg,0.1,12,y_m_n,young_male_neutral,109_y_m_n_a.jpg,7,0.1,12,6,0.483333333333333,58,1.5,180,NaN,NaN,NaN
278,2.225,267,568.508333333333,68221,7,4,97,15,middle,1,female,2,right,2,fear,1,m_f_f,middle_female_fear,097_m_f_f_a.jpg,0.1,12,m_f_n,middle_female_neutral,097_m_f_n_a.jpg,5,0.05,6,7,0.575,69,1.5,180,NaN,NaN,NaN
279,1.75833333333333,211,570.883333333333,68506,7,4,25,4,young,2,male,1,right,2,fear,1,y_m_f,young_male_fear,025_y_m_f_a.jpg,0.1,12,y_m_n,young_male_neutral,025_y_m_n_a.jpg,4,0.0416666666666667,5,2,0.116666666666667,14,1.5,180,NaN,NaN,NaN
280,1.675,201,573.216666666666,68786,7,4,34,5,young,2,female,2,right,2,happy,2,y_f_h,young_female_happy,034_y_f_h_a.jpg,0.1,12,y_f_n,young_female_neutral,034_y_f_n_a.jpg,5,0.05,6,1,0.025,3,1.5,180,NaN,NaN,NaN
281,2.31666666666667,278,575.225,69027,8,4,31,5,young,2,male,1,left,1,happy,2,y_m_h,young_male_happy,031_y_m_h_a.jpg,0.1,12,y_m_n,young_male_neutral,031_y_m_n_a.jpg,5,0.05,6,8,0.666666666666667,80,1.5,180,NaN,NaN,NaN
282,1.65,198,576.875,69225,8,4,80,12,middle,1,female,2,left,1,happy,2,m_f_h,middle_female_happy,080_m_f_h_a.jpg,0.1,12,m_f_n,middle_female_neutral,080_m_f_n_a.jpg,2,0.025,3,1,0.025,3,1.5,180,NaN,NaN,NaN
283,2.00833333333333,241,578.9,69468,8,4,117,19,middle,1,female,2,left,1,fear,1,m_f_f,middle_female_fear,117_m_f_f_a.jpg,0.1,12,m_f_n,middle_female_neutral,117_m_f_n_a.jpg,9,0.2,24,3,0.208333333333333,25,1.5,180,NaN,NaN,NaN
284,2.34166666666667,281,581.025,69723,8,4,37,6,young,2,male,1,left,1,fear,1,y_m_f,young_male_fear,037_y_m_f_a.jpg,0.1,12,y_m_n,young_male_neutral,037_y_m_n_a.jpg,6,0.075,9,8,0.666666666666667,80,1.5,180,NaN,NaN,NaN
285,2.225,267,582.699999999999,69924,8,4,97,15,middle,1,female,2,right,2,happy,2,m_f_h,middle_female_happy,097_m_f_h_a.jpg,0.1,12,m_f_n,middle_female_neutral,097_m_f_n_a.jpg,5,0.05,6,7,0.575,69,1.5,180,NaN,NaN,NaN
286,1.86666666666667,224,584.674999999999,70161,8,4,113,18,middle,1,female,2,right,2,happy,2,m_f_h,middle_female_happy,113_m_f_h_a.jpg,0.1,12,m_f_n,middle_female_neutral,113_m_f_n_a.jpg,8,0.15,18,2,0.116666666666667,14,1.5,180,NaN,NaN,NaN
287,2.325,279,586.766666666666,70412,8,4,114,18,young,2,male,1,right,2,fear,1,y_m_f,young_male_fear,114_y_m_f_a.jpg,0.1,12,y_m_n,young_male_neutral,114_y_m_n_a.jpg,8,0.15,18,7,0.575,69,1.5,180,NaN,NaN,NaN
288,1.95833333333333,235,588.541666666666,70625,8,4,125,18,young,2,female,2,right,2,fear,1,y_f_f,young_female_fear,125_y_f_f_a.jpg,0.1,12,y_f_n,young_female_neutral,125_y_f_n_a.jpg,8,0.15,18,3,0.208333333333333,25,1.5,180,NaN,NaN,NaN
289,2,240,590.458333333333,70855,8,4,111,17,middle,1,female,2,left,1,happy,2,m_f_h,middle_female_happy,111_m_f_h_a.jpg,0.1,12,m_f_n,middle_female_neutral,111_m_f_n_a.jpg,7,0.1,12,4,0.3,36,1.5,180,NaN,NaN,NaN
290,2.23333333333333,268,592.608333333333,71113,8,4,113,18,middle,1,female,2,right,2,happy,2,m_f_h,middle_female_happy,113_m_f_h_a.jpg,0.1,12,m_f_n,middle_female_neutral,113_m_f_n_a.jpg,8,0.15,18,6,0.483333333333333,58,1.5,180,NaN,NaN,NaN
291,1.675,201,594.799999999999,71376,8,4,92,15,middle,1,male,1,left,1,happy,2,m_m_h,middle_male_happy,092_m_m_h_a.jpg,0.1,12,m_m_n,middle_male_neutral,092_m_m_n_a.jpg,5,0.05,6,1,0.025,3,1.5,180,NaN,NaN,NaN
292,2.125,255,596.541666666666,71585,8,4,32,4,middle,1,male,1,left,1,fear,1,m_m_f,middle_male_fear,032_m_m_f_a.jpg,0.1,12,m_m_n,middle_male_neutral,032_m_m_n_a.jpg,4,0.0416666666666667,5,6,0.483333333333333,58,1.5,180,NaN,NaN,NaN
293,2.00833333333333,241,598.474999999999,71817,8,4,73,11,middle,1,female,2,left,1,fear,1,m_f_f,middle_female_fear,073_m_f_f_a.jpg,0.1,12,m_f_n,middle_female_neutral,073_m_f_n_a.jpg,1,0.0166666666666667,2,5,0.391666666666667,47,1.5,180,NaN,NaN,NaN
294,2.36666666666667,284,600.233333333333,72028,8,4,50,7,middle,1,female,2,left,1,happy,2,m_f_h,middle_female_happy,050_m_f_h_a.jpg,0.1,12,m_f_n,middle_female_neutral,050_m_f_n_a.jpg,7,0.1,12,8,0.666666666666667,80,1.5,180,NaN,NaN,NaN
295,2.20833333333333,265,602.274999999999,72273,8,4,16,3,young,2,male,1,left,1,happy,2,y_m_h,young_male_happy,016_y_m_h_a.jpg,0.1,12,y_m_n,young_male_neutral,016_y_m_n_a.jpg,3,0.0333333333333333,4,7,0.575,69,1.5,180,NaN,NaN,NaN
296,1.74166666666667,209,604.433333333333,72532,8,4,85,12,young,2,female,2,right,2,happy,2,y_f_h,young_female_happy,085_y_f_h_a.jpg,0.1,12,y_f_n,young_female_neutral,085_y_f_n_a.jpg,2,0.025,3,2,0.116666666666667,14,1.5,180,NaN,NaN,NaN
297,2.09166666666667,251,606.524999999999,72783,8,4,48,7,young,2,female,2,left,1,happy,2,y_f_h,young_female_happy,048_y_f_h_a.jpg,0.1,12,y_f_n,young_female_neutral,048_y_f_n_a.jpg,7,0.1,12,5,0.391666666666667,47,1.5,180,NaN,NaN,NaN
298,2.23333333333333,268,608.483333333333,73018,8,4,49,8,young,2,male,1,left,1,fear,1,y_m_f,young_male_fear,049_y_m_f_a.jpg,0.1,12,y_m_n,young_male_neutral,049_y_m_n_a.jpg,8,0.15,18,6,0.483333333333333,58,1.5,180,NaN,NaN,NaN
299,2.00833333333333,241,610.858333333333,73303,8,4,6,1,middle,1,female,2,right,2,fear,1,m_f_f,middle_female_fear,006_m_f_f_a.jpg,0.1,12,m_f_n,middle_female_neutral,006_m_f_n_a.jpg,1,0.0166666666666667,2,5,0.391666666666667,47,1.5,180,NaN,NaN,NaN
300,2.09166666666667,251,613.374999999999,73605,8,4,48,7,young,2,female,2,right,2,fear,1,y_f_f,young_female_fear,048_y_f_f_a.jpg,0.1,12,y_f_n,young_female_neutral,048_y_f_n_a.jpg,7,0.1,12,5,0.391666666666667,47,1.5,180,NaN,NaN,NaN
301,2.225,267,615.566666666666,73868,8,4,34,5,young,2,female,2,left,1,fear,1,y_f_f,young_female_fear,034_y_f_f_a.jpg,0.1,12,y_f_n,young_female_neutral,034_y_f_n_a.jpg,5,0.05,6,7,0.575,69,1.5,180,NaN,NaN,NaN
302,2.25,270,617.674999999999,74121,8,4,106,16,young,2,female,2,left,1,fear,1,y_f_f,young_female_fear,106_y_f_f_a.jpg,0.1,12,y_f_n,young_female_neutral,106_y_f_n_a.jpg,6,0.075,9,7,0.575,69,1.5,180,NaN,NaN,NaN
303,1.825,219,619.883333333333,74386,8,4,132,19,young,2,female,2,left,1,fear,1,y_f_f,young_female_fear,132_y_f_f_a.jpg,0.1,12,y_f_n,young_female_neutral,132_y_f_n_a.jpg,9,0.2,24,1,0.025,3,1.5,180,NaN,NaN,NaN
304,1.95,234,621.641666666666,74597,8,4,38,5,middle,1,male,1,right,2,happy,2,m_m_h,middle_male_happy,038_m_m_h_a.jpg,0.1,12,m_m_n,middle_male_neutral,038_m_m_n_a.jpg,5,0.05,6,4,0.3,36,1.5,180,NaN,NaN,NaN
305,1.75,210,623.866666666666,74864,8,4,81,13,young,2,male,1,left,1,happy,2,y_m_h,young_male_happy,081_y_m_h_a.jpg,0.1,12,y_m_n,young_male_neutral,081_y_m_n_a.jpg,3,0.0333333333333333,4,2,0.116666666666667,14,1.5,180,NaN,NaN,NaN
306,2.46666666666667,296,626.208333333333,75145,8,4,57,9,young,2,male,1,right,2,fear,1,y_m_f,young_male_fear,057_y_m_f_a.jpg,0.1,12,y_m_n,young_male_neutral,057_y_m_n_a.jpg,9,0.2,24,8,0.666666666666667,80,1.5,180,NaN,NaN,NaN
307,2.13333333333333,256,628.3,75396,8,4,97,15,middle,1,female,2,right,2,fear,1,m_f_f,middle_female_fear,097_m_f_f_a.jpg,0.1,12,m_f_n,middle_female_neutral,097_m_f_n_a.jpg,5,0.05,6,6,0.483333333333333,58,1.5,180,NaN,NaN,NaN
308,1.975,237,630.075,75609,8,4,94,16,middle,1,male,1,right,2,fear,1,m_m_f,middle_male_fear,094_m_m_f_a.jpg,0.1,12,m_m_n,middle_male_neutral,094_m_m_n_a.jpg,6,0.075,9,4,0.3,36,1.5,180,NaN,NaN,NaN
309,2.025,243,631.991666666666,75839,8,4,22,3,young,2,female,2,right,2,happy,2,y_f_h,young_female_happy,022_y_f_h_a.jpg,0.1,12,y_f_n,young_female_neutral,022_y_f_n_a.jpg,3,0.0333333333333333,4,5,0.391666666666667,47,1.5,180,NaN,NaN,NaN
310,2.15833333333333,259,634.141666666666,76097,8,4,94,16,middle,1,male,1,right,2,happy,2,m_m_h,middle_male_happy,094_m_m_h_a.jpg,0.1,12,m_m_n,middle_male_neutral,094_m_m_n_a.jpg,6,0.075,9,6,0.483333333333333,58,1.5,180,NaN,NaN,NaN
311,1.825,219,635.783333333333,76294,8,4,70,11,middle,1,male,1,right,2,happy,2,m_m_h,middle_male_happy,070_m_m_h_a.jpg,0.1,12,m_m_n,middle_male_neutral,070_m_m_n_a.jpg,1,0.0166666666666667,2,3,0.208333333333333,25,1.5,180,NaN,NaN,NaN
312,1.86666666666667,224,637.525,76503,8,4,49,8,young,2,male,1,right,2,happy,2,y_m_h,young_male_happy,049_y_m_h_a.jpg,0.1,12,y_m_n,young_male_neutral,049_y_m_n_a.jpg,8,0.15,18,2,0.116666666666667,14,1.5,180,NaN,NaN,NaN
313,2.15833333333333,259,639.366666666666,76724,8,4,106,16,young,2,female,2,left,1,happy,2,y_f_h,young_female_happy,106_y_f_h_a.jpg,0.1,12,y_f_n,young_female_neutral,106_y_f_n_a.jpg,6,0.075,9,6,0.483333333333333,58,1.5,180,NaN,NaN,NaN
314,1.91666666666667,230,641.125,76935,8,4,8,1,young,2,male,1,right,2,fear,1,y_m_f,young_male_fear,008_y_m_f_a.jpg,0.1,12,y_m_n,young_male_neutral,008_y_m_n_a.jpg,1,0.0166666666666667,2,4,0.3,36,1.5,180,NaN,NaN,NaN
315,1.74166666666667,209,643.075,77169,8,4,20,2,young,2,female,2,left,1,fear,1,y_f_f,young_female_fear,020_y_f_f_a.jpg,0.1,12,y_f_n,young_female_neutral,020_y_f_n_a.jpg,2,0.025,3,2,0.116666666666667,14,1.5,180,NaN,NaN,NaN
316,2.14166666666667,257,644.775,77373,8,4,56,8,middle,1,male,1,left,1,happy,2,m_m_h,middle_male_happy,056_m_m_h_a.jpg,0.1,12,m_m_n,middle_male_neutral,056_m_m_n_a.jpg,8,0.15,18,5,0.391666666666667,47,1.5,180,NaN,NaN,NaN
317,1.64166666666667,197,646.5,77580,8,4,71,11,young,2,female,2,left,1,happy,2,y_f_h,young_female_happy,071_y_f_h_a.jpg,0.1,12,y_f_n,young_female_neutral,071_y_f_n_a.jpg,1,0.0166666666666667,2,1,0.025,3,1.5,180,NaN,NaN,NaN
318,1.825,219,648.366666666666,77804,8,4,66,11,young,2,male,1,right,2,fear,1,y_m_f,young_male_fear,066_y_m_f_a.jpg,0.1,12,y_m_n,young_male_neutral,066_y_m_n_a.jpg,1,0.0166666666666667,2,3,0.208333333333333,25,1.5,180,NaN,NaN,NaN
319,2.10833333333333,253,650.466666666666,78056,8,4,72,12,young,2,male,1,right,2,happy,2,y_m_h,young_male_happy,072_y_m_h_a.jpg,0.1,12,y_m_n,young_male_neutral,072_y_m_n_a.jpg,2,0.025,3,6,0.483333333333333,58,1.5,180,NaN,NaN,NaN
320,2.41666666666667,290,652.8,78336,8,4,56,8,middle,1,male,1,left,1,fear,1,m_m_f,middle_male_fear,056_m_m_f_a.jpg,0.1,12,m_m_n,middle_male_neutral,056_m_m_n_a.jpg,8,0.15,18,8,0.666666666666667,80,1.5,180,NaN,NaN,NaN
